credit_risk_30;;;;;;;;;
loan_status;person_income;person_home_ownership;person_emp_length;loan_intent;loan_grade;loan_amnt;loan_int_rate;loan_percent_income;cb_person_default_on_file
0 1;continuous;MORTGAGE OTHER OWN RENT;continuous;DEBTCONSOLIDATION EDUCATION HOMEIMPROVEMENT MEDICAL PERSONAL VENTURE;A B C D E F G;continuous;continuous;continuous;N Y
class;;;;;;;;;
0;240000;RENT;7.0;PERSONAL;A;18000;7.88;0.07;N
0;80000;RENT;0.0;MEDICAL;A;8900;6.17;0.11;N
0;115000;MORTGAGE;4.0;VENTURE;A;20000;6.91;0.17;N
0;62500;RENT;4.0;EDUCATION;B;14000;10.25;0.22;N
1;60000;RENT;3.0;VENTURE;C;22000;14.26;0.37;Y
1;24996;RENT;6.0;MEDICAL;A;8000;7.51;0.32;N
0;37440;RENT;1.0;EDUCATION;C;3200;13.04;0.09;Y
0;80000;MORTGAGE;6.0;EDUCATION;B;16000;11.99;0.20;N
0;49304;MORTGAGE;2.0;MEDICAL;C;10000;11.78;0.20;N
0;156000;MORTGAGE;2.0;DEBTCONSOLIDATION;B;15000;11.89;0.10;N
0;22300;OWN;1.0;PERSONAL;C;3775;15.27;0.17;N
0;80004;MORTGAGE;5.0;MEDICAL;A;12000;6.91;0.15;N
0;80000;MORTGAGE;7.0;VENTURE;C;4000;15.23;0.05;N
0;66000;OWN;6.0;DEBTCONSOLIDATION;D;7500;17.58;0.11;Y
0;65000;MORTGAGE;2.0;MEDICAL;B;10000;10.75;0.15;N
0;70000;RENT;4.0;EDUCATION;A;7550;7.51;0.11;N
0;48000;MORTGAGE;9.0;EDUCATION;A;3000;7.40;0.06;N
0;33600;MORTGAGE;1.0;MEDICAL;B;15250;12.53;0.45;N
0;92000;MORTGAGE;11.0;EDUCATION;F;25000;19.29;0.27;Y
0;35000;RENT;3.0;MEDICAL;B;10000;9.88;0.29;N
0;70000;MORTGAGE;5.0;VENTURE;B;21000;8.88;0.30;N
0;34000;OWN;7.0;EDUCATION;C;8000;12.53;0.24;N
1;47000;RENT;6.0;DEBTCONSOLIDATION;C;19200;12.29;0.41;Y
0;25000;RENT;0.0;PERSONAL;A;5500;9.32;0.22;N
0;78000;MORTGAGE;13.0;VENTURE;C;10000;12.73;0.13;N
1;51012;RENT;1.0;PERSONAL;D;20000;17.49;0.39;Y
0;160000;MORTGAGE;14.0;HOMEIMPROVEMENT;A;10000;7.51;0.06;N
0;140000;RENT;0.0;VENTURE;B;5000;9.99;0.04;N
0;85000;MORTGAGE;7.0;EDUCATION;A;11700;8.59;0.14;N
0;80000;MORTGAGE;2.0;EDUCATION;A;10000;6.54;0.13;N
1;16800;RENT;4.0;PERSONAL;A;5000;6.92;0.30;N
1;24000;RENT;9.0;PERSONAL;B;9600;11.71;0.40;N
0;100000;MORTGAGE;0.0;HOMEIMPROVEMENT;A;15000;9.63;0.15;N
0;78200;MORTGAGE;9.0;MEDICAL;A;6000;6.54;0.08;N
0;67596;RENT;2.0;PERSONAL;B;5000;11.86;0.07;N
1;34000;MORTGAGE;3.0;EDUCATION;C;10000;13.85;0.29;Y
1;46000;RENT;7.0;HOMEIMPROVEMENT;C;10000;13.43;0.22;N
1;45996;MORTGAGE;9.0;HOMEIMPROVEMENT;C;11000;12.68;0.24;N
0;92000;MORTGAGE;7.0;EDUCATION;C;18000;12.68;0.20;N
0;42000;RENT;6.0;PERSONAL;A;5950;5.99;0.14;N
0;225000;RENT;2.0;MEDICAL;B;25000;12.42;0.11;N
1;55000;RENT;14.0;HOMEIMPROVEMENT;A;18000;7.88;0.33;N
0;112689;MORTGAGE;6.0;PERSONAL;B;24000;9.99;0.21;N
0;68004;MORTGAGE;5.0;DEBTCONSOLIDATION;B;16000;11.26;0.24;N
0;45000;MORTGAGE;4.0;HOMEIMPROVEMENT;C;14000;13.48;0.31;Y
0;24000;RENT;10.0;MEDICAL;B;4500;12.42;0.19;N
0;43000;RENT;9.0;MEDICAL;C;4000;12.99;0.09;N
1;40000;RENT;6.0;PERSONAL;D;13225;16.77;0.33;Y
0;53250;RENT;1.0;MEDICAL;B;7000;10.37;0.13;N
0;52000;MORTGAGE;3.0;VENTURE;A;3500;6.76;0.07;N
0;130000;MORTGAGE;6.0;MEDICAL;B;25000;11.83;0.19;N
0;30000;MORTGAGE;3.0;MEDICAL;B;1750;10.99;0.06;N
0;55000;MORTGAGE;5.0;PERSONAL;A;12000;7.49;0.22;N
0;350000;MORTGAGE;10.0;VENTURE;D;35000;17.49;0.10;N
1;56000;RENT;0.0;DEBTCONSOLIDATION;E;4800;16.70;0.09;Y
0;53000;RENT;6.0;VENTURE;B;12000;11.11;0.23;N
0;48000;OWN;7.0;MEDICAL;A;2500;5.42;0.05;N
0;50000;MORTGAGE;2.0;MEDICAL;C;16000;13.48;0.32;N
0;49000;MORTGAGE;5.0;HOMEIMPROVEMENT;A;2700;6.92;0.06;N
0;36000;RENT;1.0;EDUCATION;C;5000;14.79;0.14;N
0;42000;RENT;4.0;MEDICAL;C;3600;12.68;0.09;Y
0;40000;MORTGAGE;5.0;HOMEIMPROVEMENT;A;9600;8.49;0.24;N
0;110000;RENT;8.0;HOMEIMPROVEMENT;C;12000;12.23;0.11;Y
0;59000;MORTGAGE;9.0;PERSONAL;A;6000;7.51;0.10;N
0;51000;RENT;2.0;MEDICAL;A;6000;7.29;0.12;N
1;30652;MORTGAGE;4.0;DEBTCONSOLIDATION;D;6000;14.54;0.20;Y
0;50000;OWN;8.0;HOMEIMPROVEMENT;B;9725;12.12;0.19;N
0;30000;MORTGAGE;6.0;PERSONAL;A;4000;7.14;0.13;N
0;80000;MORTGAGE;10.0;PERSONAL;B;25000;10.62;0.31;N
0;120000;MORTGAGE;11.0;EDUCATION;B;20000;10.65;0.17;N
0;45000;MORTGAGE;6.0;VENTURE;A;7000;8.94;0.16;N
0;60000;RENT;3.0;DEBTCONSOLIDATION;B;9000;11.86;0.15;N
0;75000;RENT;6.0;VENTURE;A;10000;7.90;0.13;N
0;42504;RENT;2.0;PERSONAL;B;7200;10.59;0.17;N
0;46809;RENT;4.0;MEDICAL;B;5000;12.18;0.11;N
0;170000;MORTGAGE;13.0;HOMEIMPROVEMENT;B;7200;9.91;0.04;N
0;36000;MORTGAGE;3.0;HOMEIMPROVEMENT;A;10000;7.88;0.28;N
0;118000;OWN;5.0;VENTURE;A;14000;7.88;0.12;N
1;225000;MORTGAGE;11.0;EDUCATION;E;9000;16.95;0.04;Y
0;105000;MORTGAGE;0.0;MEDICAL;A;15000;8.94;0.14;N
1;36000;MORTGAGE;9.0;DEBTCONSOLIDATION;E;15200;16.35;0.42;Y
0;97000;MORTGAGE;11.0;PERSONAL;B;3600;9.25;0.04;N
0;74000;MORTGAGE;6.0;MEDICAL;A;2500;6.62;0.03;N
0;62400;MORTGAGE;13.0;VENTURE;C;14100;12.98;0.23;Y
0;37500;RENT;2.0;DEBTCONSOLIDATION;C;1600;11.03;0.04;Y
0;40000;RENT;6.0;VENTURE;C;10000;13.48;0.25;N
0;36000;RENT;1.0;EDUCATION;C;5000;14.79;0.14;N
0;61656;RENT;4.0;VENTURE;A;15000;6.91;0.24;N
1;115000;MORTGAGE;16.0;HOMEIMPROVEMENT;B;10000;11.11;0.09;N
0;60000;RENT;2.0;PERSONAL;B;3000;11.89;0.05;N
0;109500;MORTGAGE;11.0;VENTURE;E;20000;17.56;0.18;N
1;68000;MORTGAGE;4.0;MEDICAL;D;8000;15.33;0.10;N
0;88000;RENT;4.0;DEBTCONSOLIDATION;B;20000;10.38;0.23;N
0;116000;MORTGAGE;3.0;DEBTCONSOLIDATION;B;12000;10.25;0.10;N
0;85000;MORTGAGE;7.0;EDUCATION;C;12000;14.65;0.14;Y
0;49000;RENT;4.0;MEDICAL;B;5000;10.65;0.10;N
0;75000;MORTGAGE;6.0;EDUCATION;A;11000;5.42;0.15;N
0;80000;MORTGAGE;0.0;EDUCATION;A;6300;5.79;0.08;N
0;60000;MORTGAGE;2.0;VENTURE;B;7125;9.99;0.12;N
1;30000;RENT;4.0;EDUCATION;B;10000;11.86;0.33;N
0;57504;MORTGAGE;1.0;DEBTCONSOLIDATION;A;9000;6.54;0.16;N
0;90000;MORTGAGE;3.0;MEDICAL;B;21000;10.74;0.23;N
0;16800;OWN;0.0;PERSONAL;C;1600;13.72;0.10;Y
1;86000;RENT;0.0;HOMEIMPROVEMENT;C;9000;12.87;0.10;N
0;24960;RENT;0.0;VENTURE;A;2500;7.51;0.10;N
0;87500;RENT;4.0;DEBTCONSOLIDATION;B;6000;11.99;0.07;N
0;44004;OWN;7.0;EDUCATION;A;17000;6.62;0.39;N
1;34500;RENT;2.0;PERSONAL;D;5400;12.61;0.16;N
0;82500;MORTGAGE;12.0;DEBTCONSOLIDATION;A;11000;7.49;0.13;N
0;145000;MORTGAGE;0.0;HOMEIMPROVEMENT;B;7000;10.99;0.05;N
0;92000;RENT;6.0;VENTURE;F;20000;15.65;0.22;Y
1;4800;RENT;0.0;MEDICAL;C;1200;14.26;0.25;Y
0;44000;RENT;4.0;EDUCATION;A;7000;8.00;0.16;N
0;126000;MORTGAGE;2.0;HOMEIMPROVEMENT;B;12000;11.71;0.10;N
0;53000;RENT;7.0;EDUCATION;B;10000;10.25;0.19;N
0;60000;MORTGAGE;3.0;EDUCATION;A;4000;5.42;0.07;N
0;140000;OWN;6.0;EDUCATION;C;16400;15.96;0.12;Y
0;86250;RENT;1.0;HOMEIMPROVEMENT;B;9000;12.69;0.10;N
1;21000;RENT;9.0;DEBTCONSOLIDATION;D;5000;15.99;0.24;Y
0;42000;RENT;0.0;PERSONAL;A;3600;7.37;0.09;N
0;72000;RENT;0.0;HOMEIMPROVEMENT;A;8000;7.90;0.11;N
0;130992;MORTGAGE;6.0;EDUCATION;A;6000;7.51;0.05;N
0;67000;MORTGAGE;0.0;EDUCATION;B;12000;11.99;0.18;N
0;35000;RENT;0.0;MEDICAL;A;4000;7.88;0.11;N
1;66000;RENT;2.0;PERSONAL;D;15000;16.02;0.23;N
0;54996;RENT;0.0;EDUCATION;C;5000;12.54;0.09;Y
0;38000;MORTGAGE;3.0;HOMEIMPROVEMENT;B;16000;10.99;0.42;N
0;50000;OWN;2.0;VENTURE;C;6000;14.22;0.12;N
0;24449;OWN;2.0;VENTURE;B;1800;11.89;0.07;N
0;26400;RENT;0.0;EDUCATION;A;8000;7.51;0.30;N
0;71328;MORTGAGE;3.0;EDUCATION;D;25000;14.96;0.35;Y
0;80000;MORTGAGE;4.0;HOMEIMPROVEMENT;C;16000;13.80;0.20;N
0;30000;RENT;4.0;EDUCATION;C;8125;12.68;0.27;N
0;36600;RENT;4.0;DEBTCONSOLIDATION;B;3000;9.33;0.08;N
0;50500;RENT;3.0;HOMEIMPROVEMENT;C;5200;12.53;0.10;N
1;29000;RENT;2.0;VENTURE;C;12250;13.61;0.42;N
1;24000;RENT;3.0;PERSONAL;B;12000;10.36;0.50;N
1;62900;MORTGAGE;4.0;MEDICAL;A;11000;7.90;0.15;N
0;81000;MORTGAGE;2.0;MEDICAL;A;5500;8.00;0.07;N
0;45000;MORTGAGE;1.0;MEDICAL;B;7200;11.86;0.16;N
1;43000;RENT;2.0;DEBTCONSOLIDATION;A;14400;7.88;0.33;N
0;75000;MORTGAGE;4.0;DEBTCONSOLIDATION;C;14400;13.92;0.19;N
0;96000;MORTGAGE;8.0;EDUCATION;B;17000;10.62;0.18;N
0;99996;MORTGAGE;2.0;PERSONAL;B;4800;11.49;0.05;N
0;96900;MORTGAGE;8.0;DEBTCONSOLIDATION;A;9300;6.17;0.10;N
0;63000;MORTGAGE;8.0;PERSONAL;F;20000;19.13;0.32;Y
0;75000;RENT;6.0;EDUCATION;C;3200;10.28;0.04;N
1;64000;MORTGAGE;3.0;DEBTCONSOLIDATION;B;14400;11.71;0.23;N
0;35000;RENT;3.0;EDUCATION;B;10000;9.88;0.29;N
0;15120;MORTGAGE;0.0;EDUCATION;B;1500;10.59;0.10;N
0;52000;RENT;9.0;VENTURE;A;10000;8.00;0.19;N
0;85000;MORTGAGE;4.0;MEDICAL;A;12000;6.91;0.14;N
0;87800;RENT;3.0;MEDICAL;B;15000;11.36;0.17;N
0;55000;RENT;2.0;DEBTCONSOLIDATION;C;3200;12.98;0.06;N
1;75000;RENT;0.0;VENTURE;E;25000;14.70;0.33;Y
0;100000;RENT;4.0;VENTURE;C;18000;13.49;0.18;Y
1;42224;RENT;7.0;VENTURE;A;20000;6.99;0.47;N
0;109000;MORTGAGE;4.0;PERSONAL;C;18400;12.41;0.17;Y
1;31200;RENT;1.0;EDUCATION;D;6000;16.89;0.19;Y
1;29000;RENT;5.0;DEBTCONSOLIDATION;B;10000;10.00;0.34;N
0;80000;MORTGAGE;11.0;PERSONAL;A;8500;6.03;0.11;N
0;75000;RENT;0.0;DEBTCONSOLIDATION;B;4800;12.21;0.06;N
0;27259;RENT;1.0;EDUCATION;B;2400;10.59;0.09;N
1;113000;MORTGAGE;5.0;PERSONAL;G;25000;18.84;0.22;Y
0;63000;RENT;4.0;PERSONAL;A;6000;7.51;0.10;N
0;72000;MORTGAGE;6.0;VENTURE;B;25000;9.83;0.35;N
0;41000;RENT;5.0;VENTURE;A;7000;5.79;0.17;N
0;95000;MORTGAGE;0.0;DEBTCONSOLIDATION;A;4000;7.14;0.04;N
1;34500;RENT;4.0;MEDICAL;B;12000;10.38;0.35;N
1;33000;RENT;12.0;DEBTCONSOLIDATION;C;8000;14.65;0.24;Y
0;36000;RENT;7.0;EDUCATION;B;4500;9.99;0.13;N
0;78000;MORTGAGE;0.0;VENTURE;A;14000;7.51;0.18;N
0;97000;MORTGAGE;1.0;PERSONAL;A;5000;7.51;0.05;N
0;99518;MORTGAGE;10.0;DEBTCONSOLIDATION;A;6500;5.99;0.07;N
0;85000;MORTGAGE;9.0;DEBTCONSOLIDATION;A;7350;5.79;0.09;N
0;61800;OWN;1.0;VENTURE;A;4000;7.75;0.06;N
0;45176;RENT;1.0;MEDICAL;B;12000;11.49;0.27;N
0;108000;MORTGAGE;4.0;VENTURE;C;5000;12.87;0.05;N
0;111000;RENT;1.0;VENTURE;B;15000;10.62;0.14;N
0;47652;RENT;6.0;VENTURE;C;2400;13.22;0.05;Y
0;36156;MORTGAGE;1.0;HOMEIMPROVEMENT;B;8500;12.21;0.24;N
1;65000;RENT;12.0;VENTURE;B;20000;10.74;0.31;N
0;27600;RENT;5.0;VENTURE;C;1200;13.06;0.04;N
1;45000;RENT;13.0;EDUCATION;C;6800;11.22;0.15;Y
0;84000;MORTGAGE;2.0;EDUCATION;D;10400;14.96;0.12;N
0;190000;MORTGAGE;4.0;DEBTCONSOLIDATION;A;9000;6.03;0.05;N
0;87000;MORTGAGE;1.0;PERSONAL;D;5000;14.96;0.06;N
0;75000;RENT;2.0;PERSONAL;B;7000;6.00;0.09;N
0;54000;OWN;2.0;VENTURE;B;2000;10.99;0.04;N
1;62393;OTHER;0.0;MEDICAL;D;20000;15.05;0.27;Y
0;45000;MORTGAGE;7.0;VENTURE;B;14550;11.71;0.32;N
0;150000;MORTGAGE;8.0;DEBTCONSOLIDATION;B;24000;9.76;0.16;N
0;90000;MORTGAGE;8.0;DEBTCONSOLIDATION;B;3600;12.69;0.04;N
1;26400;RENT;8.0;EDUCATION;C;4000;14.17;0.15;N
0;300000;MORTGAGE;7.0;EDUCATION;B;25000;11.49;0.08;N
1;31000;RENT;3.0;VENTURE;E;10000;19.42;0.32;Y
0;59700;MORTGAGE;5.0;VENTURE;B;15000;10.99;0.25;N
1;34000;RENT;0.0;HOMEIMPROVEMENT;B;5925;11.11;0.17;N
0;30000;RENT;0.0;MEDICAL;B;4000;10.36;0.13;N
0;34000;RENT;2.0;DEBTCONSOLIDATION;B;8000;9.91;0.24;N
0;82000;MORTGAGE;1.0;VENTURE;C;5000;13.47;0.06;Y
0;58800;OWN;16.0;PERSONAL;C;7000;13.99;0.12;N
0;80400;RENT;4.0;EDUCATION;A;9000;7.51;0.11;N
0;64000;MORTGAGE;5.0;VENTURE;D;12000;16.77;0.19;N
0;60000;RENT;3.0;MEDICAL;C;9000;13.06;0.15;N
0;85000;MORTGAGE;6.0;PERSONAL;B;25000;10.75;0.29;N
1;29004;RENT;5.0;PERSONAL;C;12000;12.84;0.41;Y
1;54000;RENT;2.0;HOMEIMPROVEMENT;D;15000;14.11;0.28;Y
0;21000;OWN;1.0;HOMEIMPROVEMENT;B;7750;11.83;0.37;N
0;57460;RENT;1.0;EDUCATION;C;10400;13.49;0.18;Y
1;29000;RENT;0.0;EDUCATION;D;6500;14.11;0.22;N
0;47600;MORTGAGE;6.0;EDUCATION;B;23800;12.42;0.50;N
0;37000;MORTGAGE;6.0;PERSONAL;A;7400;8.00;0.20;N
1;15000;MORTGAGE;0.0;PERSONAL;C;3600;13.47;0.24;N
0;44000;RENT;6.0;VENTURE;D;10000;14.74;0.23;Y
1;57000;RENT;3.0;EDUCATION;D;20000;16.89;0.35;N
0;43949;RENT;7.0;MEDICAL;B;3000;11.49;0.07;N
0;90722;MORTGAGE;7.0;HOMEIMPROVEMENT;B;18000;10.99;0.20;N
0;146000;MORTGAGE;12.0;MEDICAL;A;3800;6.39;0.03;N
0;57431;MORTGAGE;8.0;PERSONAL;A;4000;6.76;0.07;N
0;81996;MORTGAGE;12.0;EDUCATION;B;3000;12.42;0.04;N
0;150000;MORTGAGE;9.0;VENTURE;A;8200;5.79;0.05;N
0;32000;MORTGAGE;7.0;EDUCATION;B;10000;11.71;0.31;N
0;38400;RENT;14.0;MEDICAL;A;11000;5.42;0.29;N
0;90000;RENT;7.0;EDUCATION;C;7500;11.03;0.08;N
0;30000;MORTGAGE;0.0;VENTURE;B;5000;11.48;0.17;N
0;106000;MORTGAGE;11.0;HOMEIMPROVEMENT;B;4000;11.71;0.04;N
1;45000;RENT;1.0;DEBTCONSOLIDATION;B;17475;11.99;0.39;N
0;200000;MORTGAGE;2.0;PERSONAL;C;3000;10.28;0.01;N
1;37000;RENT;0.0;HOMEIMPROVEMENT;B;20000;11.71;0.54;N
0;57860;MORTGAGE;1.0;EDUCATION;C;20000;11.41;0.35;N
0;43200;RENT;3.0;VENTURE;C;3000;13.80;0.07;N
0;120000;MORTGAGE;9.0;VENTURE;A;8000;7.51;0.07;N
0;84000;MORTGAGE;3.0;DEBTCONSOLIDATION;A;7000;7.29;0.08;N
0;110000;MORTGAGE;8.0;EDUCATION;A;8000;6.76;0.07;N
0;52000;RENT;3.0;EDUCATION;B;4800;9.88;0.09;N
0;150000;RENT;2.0;VENTURE;B;21000;12.62;0.14;N
0;75000;MORTGAGE;12.0;PERSONAL;A;8000;7.14;0.11;N
0;59000;OWN;12.0;MEDICAL;A;10000;7.49;0.17;N
0;28560;MORTGAGE;7.0;PERSONAL;A;2400;6.39;0.08;N
0;155000;RENT;7.0;DEBTCONSOLIDATION;B;24000;10.99;0.15;N
0;54828;MORTGAGE;10.0;EDUCATION;E;5000;16.82;0.09;N
1;44000;RENT;2.0;EDUCATION;C;5000;15.23;0.11;N
0;120000;MORTGAGE;4.0;HOMEIMPROVEMENT;D;25000;16.07;0.21;Y
1;32000;RENT;4.0;MEDICAL;C;10000;13.79;0.31;N
0;71599;RENT;0.0;PERSONAL;A;6000;9.63;0.08;N
1;54000;RENT;0.0;PERSONAL;D;10000;14.96;0.19;N
0;28800;RENT;3.0;MEDICAL;A;7000;7.51;0.24;N
0;75000;MORTGAGE;12.0;VENTURE;C;15250;11.34;0.20;N
0;24000;MORTGAGE;4.0;VENTURE;A;1300;5.42;0.05;N
0;56030;MORTGAGE;14.0;PERSONAL;B;13000;11.89;0.23;N
0;30000;RENT;0.0;DEBTCONSOLIDATION;B;1600;10.25;0.05;N
0;30000;RENT;3.0;EDUCATION;A;4000;7.90;0.13;N
0;44000;MORTGAGE;2.0;VENTURE;A;2000;7.40;0.05;N
0;144000;MORTGAGE;3.0;HOMEIMPROVEMENT;B;25000;10.08;0.17;N
0;25000;OWN;5.0;VENTURE;C;10000;13.49;0.40;Y
1;22000;MORTGAGE;9.0;EDUCATION;A;5875;6.62;0.27;N
0;38400;RENT;1.0;VENTURE;A;2000;7.66;0.05;N
0;44000;MORTGAGE;1.0;VENTURE;C;10000;12.87;0.23;Y
0;100000;RENT;4.0;MEDICAL;B;2000;10.62;0.02;N
0;95000;RENT;3.0;HOMEIMPROVEMENT;D;24000;13.67;0.25;Y
1;158000;RENT;0.0;HOMEIMPROVEMENT;D;4000;14.84;0.03;N
0;95000;MORTGAGE;4.0;MEDICAL;B;5600;11.63;0.06;N
0;120000;MORTGAGE;11.0;EDUCATION;B;14400;10.74;0.12;N
1;48000;RENT;8.0;PERSONAL;B;4000;10.37;0.08;N
0;50000;RENT;7.0;VENTURE;C;14000;13.79;0.28;Y
1;21120;RENT;3.0;PERSONAL;B;5000;11.71;0.24;N
1;59004;RENT;4.0;DEBTCONSOLIDATION;D;20000;15.58;0.34;N
0;38400;RENT;5.0;EDUCATION;B;4000;10.59;0.10;N
0;44000;MORTGAGE;3.0;PERSONAL;B;10000;9.63;0.23;N
0;23500;MORTGAGE;2.0;HOMEIMPROVEMENT;B;7000;10.38;0.30;N
0;100000;MORTGAGE;9.0;EDUCATION;B;12800;9.45;0.13;N
0;25000;RENT;1.0;PERSONAL;A;7100;7.90;0.28;N
0;35000;RENT;1.0;VENTURE;A;3500;8.59;0.10;N
0;53000;RENT;5.0;EDUCATION;A;5100;7.90;0.10;N
0;50000;MORTGAGE;2.0;PERSONAL;D;20000;13.30;0.40;N
0;47184;RENT;0.0;DEBTCONSOLIDATION;B;5000;10.25;0.11;N
0;27600;MORTGAGE;1.0;PERSONAL;C;2000;14.27;0.07;Y
1;34000;RENT;2.0;HOMEIMPROVEMENT;D;11000;15.99;0.32;N
0;80000;MORTGAGE;4.0;DEBTCONSOLIDATION;A;10750;6.17;0.13;N
0;62000;MORTGAGE;4.0;VENTURE;A;6550;5.79;0.11;N
1;44000;MORTGAGE;9.0;DEBTCONSOLIDATION;D;9400;13.30;0.21;N
1;78200;RENT;18.0;MEDICAL;D;24250;16.00;0.26;Y
0;53796;MORTGAGE;12.0;HOMEIMPROVEMENT;B;7000;9.91;0.13;N
0;20400;MORTGAGE;6.0;EDUCATION;D;6000;15.99;0.29;Y
0;38000;RENT;5.0;DEBTCONSOLIDATION;B;5200;10.74;0.14;N
0;64000;OWN;6.0;EDUCATION;D;15000;17.49;0.23;Y
0;240000;MORTGAGE;5.0;MEDICAL;A;8400;7.51;0.04;N
0;80000;MORTGAGE;6.0;PERSONAL;A;5000;7.14;0.06;N
0;80208;MORTGAGE;1.0;MEDICAL;A;4000;5.42;0.05;N
0;75000;MORTGAGE;9.0;PERSONAL;A;24000;7.51;0.32;N
1;30900;RENT;1.0;VENTURE;D;4000;12.61;0.13;N
0;130000;RENT;18.0;VENTURE;A;16000;6.03;0.12;N
0;84000;MORTGAGE;6.0;DEBTCONSOLIDATION;C;23000;12.68;0.27;N
0;71000;MORTGAGE;11.0;PERSONAL;C;6000;14.72;0.08;Y
0;23000;RENT;4.0;MEDICAL;B;4300;11.86;0.19;N
0;40000;RENT;7.0;VENTURE;C;1500;13.99;0.04;Y
1;54000;MORTGAGE;0.0;PERSONAL;B;6000;11.83;0.11;N
1;54000;MORTGAGE;3.0;DEBTCONSOLIDATION;C;5000;12.61;0.09;N
1;74800;MORTGAGE;4.0;MEDICAL;C;8400;14.65;0.10;N
1;49963;MORTGAGE;9.0;EDUCATION;B;2100;11.49;0.04;N
0;190000;RENT;3.0;EDUCATION;A;12600;6.92;0.07;N
0;31200;OWN;1.0;VENTURE;A;6600;5.42;0.21;N
0;40000;OWN;6.0;VENTURE;B;5600;10.25;0.14;N
1;30000;RENT;0.0;HOMEIMPROVEMENT;D;5500;15.21;0.18;Y
0;69000;MORTGAGE;3.0;PERSONAL;B;11000;10.62;0.16;N
0;40000;RENT;3.0;MEDICAL;B;2500;9.99;0.06;N
1;84000;MORTGAGE;0.0;EDUCATION;F;2125;15.01;0.03;Y
0;95892;OWN;19.0;MEDICAL;B;15000;12.18;0.16;N
0;28000;RENT;2.0;VENTURE;C;2875;15.23;0.10;Y
1;102996;MORTGAGE;4.0;DEBTCONSOLIDATION;D;20000;14.54;0.19;Y
0;200000;OWN;0.0;VENTURE;B;24000;12.18;0.12;N
1;37680;RENT;5.0;MEDICAL;D;2000;14.96;0.05;Y
0;120000;MORTGAGE;10.0;EDUCATION;B;20000;10.37;0.17;N
0;86000;MORTGAGE;4.0;VENTURE;C;16000;14.26;0.19;N
0;100000;MORTGAGE;3.0;EDUCATION;C;8000;13.98;0.08;Y
1;128000;RENT;2.0;VENTURE;D;30000;16.29;0.23;N
0;96000;MORTGAGE;0.0;EDUCATION;A;3000;7.90;0.03;N
0;20000;RENT;14.0;MEDICAL;D;5400;14.61;0.27;Y
0;209000;OWN;4.0;HOMEIMPROVEMENT;D;15000;14.84;0.07;N
0;50000;RENT;5.0;HOMEIMPROVEMENT;B;2000;11.48;0.04;N
0;90000;MORTGAGE;13.0;VENTURE;B;10000;12.21;0.11;N
1;31785;MORTGAGE;7.0;MEDICAL;D;6000;14.96;0.19;N
1;79200;MORTGAGE;3.0;HOMEIMPROVEMENT;D;25000;15.58;0.32;N
0;86400;RENT;5.0;DEBTCONSOLIDATION;C;2800;14.65;0.03;Y
0;90000;MORTGAGE;14.0;VENTURE;B;21000;10.59;0.23;N
0;28800;RENT;9.0;MEDICAL;B;2000;11.48;0.07;N
0;32000;MORTGAGE;7.0;VENTURE;A;4500;6.76;0.14;N
0;104525;MORTGAGE;11.0;HOMEIMPROVEMENT;A;6000;7.40;0.06;N
0;51000;MORTGAGE;3.0;VENTURE;C;13000;13.48;0.25;Y
0;85000;RENT;5.0;EDUCATION;C;16000;11.34;0.19;Y
1;48000;RENT;2.0;MEDICAL;C;20000;13.61;0.42;N
0;68000;MORTGAGE;7.0;HOMEIMPROVEMENT;B;2500;11.71;0.04;N
0;30555;RENT;4.0;MEDICAL;C;4500;13.22;0.15;N
1;18000;RENT;0.0;DEBTCONSOLIDATION;A;6000;7.49;0.33;N
0;78000;RENT;6.0;HOMEIMPROVEMENT;B;12000;12.53;0.15;N
0;53000;MORTGAGE;0.0;DEBTCONSOLIDATION;B;4000;10.39;0.08;N
0;47000;RENT;5.0;VENTURE;D;7000;14.96;0.15;Y
1;55000;RENT;14.0;EDUCATION;A;18000;7.88;0.33;N
0;114000;MORTGAGE;22.0;DEBTCONSOLIDATION;B;19000;9.99;0.17;N
0;75000;MORTGAGE;4.0;HOMEIMPROVEMENT;A;12000;6.92;0.16;N
0;60000;RENT;1.0;VENTURE;A;8000;5.42;0.13;N
0;24000;MORTGAGE;12.0;DEBTCONSOLIDATION;A;5000;9.32;0.21;N
0;50000;MORTGAGE;2.0;VENTURE;A;10000;7.90;0.20;N
0;63211;RENT;7.0;DEBTCONSOLIDATION;B;6500;11.86;0.10;N
0;55000;RENT;1.0;MEDICAL;A;7200;7.90;0.13;N
0;98000;OWN;8.0;HOMEIMPROVEMENT;A;12000;6.03;0.12;N
0;163000;RENT;4.0;DEBTCONSOLIDATION;B;25000;9.91;0.15;N
0;86000;MORTGAGE;12.0;VENTURE;A;15600;5.99;0.18;N
0;31200;MORTGAGE;3.0;MEDICAL;A;11200;5.42;0.36;N
0;30000;RENT;3.0;PERSONAL;B;5400;10.00;0.18;N
0;112123;MORTGAGE;2.0;EDUCATION;A;12800;8.94;0.11;N
0;24000;OWN;2.0;PERSONAL;C;3000;13.61;0.13;N
0;52176;MORTGAGE;3.0;EDUCATION;B;7500;10.59;0.14;N
0;103000;RENT;3.0;DEBTCONSOLIDATION;A;18550;7.88;0.18;N
0;28000;MORTGAGE;6.0;PERSONAL;B;10000;10.99;0.36;N
1;44000;RENT;5.0;DEBTCONSOLIDATION;C;4600;13.99;0.10;N
0;41000;RENT;3.0;PERSONAL;B;5000;11.49;0.12;N
0;55000;RENT;2.0;PERSONAL;B;14000;11.48;0.25;N
0;42000;RENT;3.0;PERSONAL;C;10000;13.98;0.24;N
0;28000;OWN;5.0;PERSONAL;B;6300;11.99;0.23;N
1;61000;RENT;7.0;DEBTCONSOLIDATION;D;10000;14.11;0.16;Y
0;199000;MORTGAGE;4.0;PERSONAL;B;15000;9.99;0.08;N
0;30000;RENT;0.0;VENTURE;A;8000;7.74;0.27;N
0;23520;RENT;0.0;PERSONAL;B;2400;10.36;0.10;N
0;55605;MORTGAGE;8.0;MEDICAL;B;6500;10.99;0.12;N
0;113000;MORTGAGE;5.0;DEBTCONSOLIDATION;A;6425;6.03;0.06;N
1;168952;MORTGAGE;5.0;HOMEIMPROVEMENT;A;12500;8.94;0.07;N
0;65000;RENT;3.0;HOMEIMPROVEMENT;A;3625;6.03;0.06;N
0;21600;RENT;2.0;DEBTCONSOLIDATION;A;3500;7.51;0.16;N
0;72204;RENT;2.0;EDUCATION;C;6700;13.47;0.09;Y
1;72250;MORTGAGE;11.0;MEDICAL;D;10000;14.83;0.12;Y
0;30000;OWN;8.0;MEDICAL;A;5000;7.51;0.17;N
0;80000;RENT;6.0;PERSONAL;C;6400;13.16;0.08;N
0;7800;RENT;1.0;EDUCATION;B;1000;11.36;0.13;N
0;38000;RENT;0.0;DEBTCONSOLIDATION;A;10000;8.49;0.26;N
0;115154;RENT;8.0;HOMEIMPROVEMENT;C;3000;14.27;0.03;N
1;49000;RENT;5.0;HOMEIMPROVEMENT;B;6000;10.59;0.12;N
1;42000;RENT;8.0;HOMEIMPROVEMENT;B;4000;11.86;0.10;N
1;36000;RENT;8.0;VENTURE;E;15450;13.43;0.43;N
1;30000;MORTGAGE;3.0;HOMEIMPROVEMENT;C;10000;13.49;0.33;N
0;78000;MORTGAGE;9.0;EDUCATION;A;8000;5.79;0.10;N
0;35000;RENT;0.0;MEDICAL;B;3500;9.62;0.10;N
0;97000;MORTGAGE;6.0;MEDICAL;C;10000;13.57;0.10;Y
1;23000;RENT;4.0;EDUCATION;C;10000;13.48;0.43;Y
0;60000;RENT;3.0;EDUCATION;C;12250;10.59;0.20;N
0;60000;MORTGAGE;3.0;MEDICAL;A;4500;7.40;0.07;N
0;52000;MORTGAGE;0.0;EDUCATION;C;1200;13.98;0.02;Y
1;35600;RENT;0.0;EDUCATION;D;8000;14.59;0.22;N
0;58000;RENT;2.0;VENTURE;C;3200;14.35;0.06;N
1;64000;RENT;3.0;VENTURE;D;16000;15.31;0.25;Y
1;45000;MORTGAGE;6.0;MEDICAL;B;5000;10.74;0.11;N
1;22406;RENT;5.0;PERSONAL;A;2500;6.76;0.11;N
0;60000;RENT;3.0;VENTURE;A;6000;8.00;0.10;N
0;30000;MORTGAGE;10.0;VENTURE;A;6500;6.62;0.22;N
0;14400;RENT;4.0;DEBTCONSOLIDATION;A;2200;5.99;0.15;N
0;55000;RENT;6.0;HOMEIMPROVEMENT;D;7450;15.62;0.14;N
1;46852;RENT;3.0;EDUCATION;B;6800;10.65;0.15;N
1;172000;MORTGAGE;6.0;DEBTCONSOLIDATION;C;20000;13.47;0.12;Y
0;110000;MORTGAGE;5.0;VENTURE;D;5000;14.96;0.05;Y
1;17004;RENT;5.0;DEBTCONSOLIDATION;A;3250;6.91;0.19;N
0;75689;MORTGAGE;7.0;DEBTCONSOLIDATION;B;25000;11.12;0.33;N
1;36000;RENT;0.0;DEBTCONSOLIDATION;B;12250;11.49;0.34;N
0;75000;MORTGAGE;0.0;DEBTCONSOLIDATION;A;12000;6.92;0.16;N
0;70000;OWN;4.0;PERSONAL;A;4000;7.42;0.06;N
0;120000;MORTGAGE;5.0;DEBTCONSOLIDATION;B;5000;10.38;0.04;N
0;85000;MORTGAGE;4.0;PERSONAL;B;6000;10.99;0.07;N
1;28114;RENT;0.0;DEBTCONSOLIDATION;B;8800;10.00;0.31;N
0;50000;MORTGAGE;4.0;PERSONAL;A;6000;6.76;0.12;N
0;49500;RENT;0.0;MEDICAL;A;10000;7.66;0.20;N
0;62000;MORTGAGE;3.0;EDUCATION;A;10000;7.88;0.16;N
0;25200;RENT;2.0;DEBTCONSOLIDATION;C;7050;12.23;0.28;Y
0;120000;MORTGAGE;0.0;HOMEIMPROVEMENT;A;10000;6.62;0.08;N
0;51541;RENT;0.0;DEBTCONSOLIDATION;B;6000;12.18;0.12;N
0;72000;RENT;7.0;DEBTCONSOLIDATION;B;10000;10.59;0.14;N
0;48000;OWN;4.0;PERSONAL;B;2400;11.46;0.05;N
0;51000;OWN;9.0;VENTURE;D;10000;15.31;0.20;Y
0;65500;MORTGAGE;11.0;HOMEIMPROVEMENT;A;11000;6.03;0.17;N
0;71000;RENT;7.0;PERSONAL;A;11300;7.49;0.16;N
0;290000;MORTGAGE;13.0;PERSONAL;B;13175;10.99;0.05;N
0;32004;RENT;3.0;MEDICAL;B;5000;10.62;0.16;N
0;72000;MORTGAGE;15.0;VENTURE;D;12300;14.96;0.17;Y
0;33000;RENT;6.0;DEBTCONSOLIDATION;B;2500;10.59;0.08;N
1;25000;RENT;0.0;HOMEIMPROVEMENT;B;8500;12.21;0.34;N
0;124000;MORTGAGE;2.0;DEBTCONSOLIDATION;C;2000;12.99;0.02;Y
0;93000;RENT;11.0;PERSONAL;A;4200;5.42;0.05;N
0;115000;MORTGAGE;3.0;EDUCATION;B;13000;11.83;0.11;N
0;120000;MORTGAGE;0.0;PERSONAL;A;17000;8.94;0.14;N
0;24000;MORTGAGE;2.0;DEBTCONSOLIDATION;B;6000;10.25;0.25;N
0;114000;MORTGAGE;0.0;EDUCATION;D;16000;16.77;0.14;N
0;30000;RENT;3.0;DEBTCONSOLIDATION;A;6000;7.74;0.20;N
1;60000;RENT;9.0;HOMEIMPROVEMENT;B;4500;10.99;0.07;N
0;50000;RENT;3.0;MEDICAL;B;8000;12.42;0.16;N
1;19968;RENT;3.0;DEBTCONSOLIDATION;E;4000;16.45;0.20;N
0;49000;RENT;3.0;EDUCATION;A;1000;7.66;0.02;N
0;60000;RENT;2.0;PERSONAL;A;2400;5.79;0.04;N
0;200000;MORTGAGE;19.0;EDUCATION;B;18000;10.99;0.09;N
0;70000;MORTGAGE;13.0;MEDICAL;A;10000;6.99;0.14;N
1;66000;RENT;4.0;EDUCATION;B;25000;11.48;0.38;N
0;54996;RENT;5.0;DEBTCONSOLIDATION;A;7200;7.66;0.13;N
0;30000;OWN;3.0;VENTURE;B;7500;10.39;0.25;N
0;108000;MORTGAGE;6.0;MEDICAL;A;10000;6.54;0.09;N
0;60228;RENT;7.0;MEDICAL;C;8000;12.98;0.13;Y
0;30000;RENT;7.0;MEDICAL;B;2500;9.88;0.08;N
1;50400;RENT;8.0;VENTURE;D;18500;16.02;0.37;N
1;54000;RENT;2.0;VENTURE;C;5500;13.23;0.10;Y
0;48000;MORTGAGE;1.0;VENTURE;C;7000;12.68;0.15;Y
0;27000;RENT;0.0;VENTURE;B;8000;11.11;0.30;N
1;59354;MORTGAGE;5.0;MEDICAL;D;9600;13.67;0.14;Y
0;57600;MORTGAGE;3.0;HOMEIMPROVEMENT;A;17000;7.66;0.30;N
0;130000;MORTGAGE;9.0;EDUCATION;B;15000;11.14;0.12;N
0;63000;MORTGAGE;7.0;HOMEIMPROVEMENT;C;6400;14.79;0.10;N
0;89602;MORTGAGE;4.0;VENTURE;A;4800;5.42;0.05;N
0;27600;OWN;3.0;EDUCATION;C;1000;15.27;0.04;Y
0;61500;RENT;1.0;EDUCATION;C;18000;13.23;0.29;Y
0;48000;MORTGAGE;10.0;PERSONAL;B;2000;10.99;0.04;N
0;85000;MORTGAGE;4.0;MEDICAL;A;12000;6.91;0.14;N
0;126000;MORTGAGE;12.0;VENTURE;B;2000;9.99;0.02;N
1;104550;MORTGAGE;5.0;MEDICAL;D;24000;15.21;0.20;Y
0;43200;OWN;13.0;PERSONAL;A;4625;5.42;0.11;N
0;75000;RENT;6.0;PERSONAL;B;15000;11.71;0.20;N
1;23624;RENT;6.0;PERSONAL;B;10000;9.88;0.42;N
0;42000;RENT;2.0;MEDICAL;B;6475;9.99;0.15;N
0;50000;MORTGAGE;0.0;PERSONAL;A;3200;7.51;0.06;N
0;94000;MORTGAGE;1.0;PERSONAL;A;13000;6.03;0.14;N
0;54000;RENT;15.0;DEBTCONSOLIDATION;B;10000;10.99;0.19;N
0;29950;RENT;4.0;EDUCATION;C;3825;14.27;0.13;N
0;60000;RENT;9.0;MEDICAL;B;7000;10.36;0.12;N
0;112445;MORTGAGE;4.0;DEBTCONSOLIDATION;A;6000;5.42;0.05;N
0;85000;MORTGAGE;7.0;EDUCATION;C;10400;13.16;0.12;Y
1;37800;RENT;4.0;MEDICAL;B;15050;9.99;0.40;N
0;72000;MORTGAGE;5.0;PERSONAL;D;12000;16.29;0.17;N
0;70000;MORTGAGE;4.0;PERSONAL;C;6000;13.16;0.09;Y
1;32000;RENT;1.0;DEBTCONSOLIDATION;B;15000;12.42;0.47;N
0;948000;MORTGAGE;18.0;PERSONAL;B;2000;9.99;0.00;N
0;200000;MORTGAGE;7.0;VENTURE;B;21000;12.69;0.10;N
0;100000;MORTGAGE;4.0;EDUCATION;D;14000;17.58;0.14;Y
1;50000;RENT;7.0;DEBTCONSOLIDATION;B;15600;12.21;0.31;N
0;68000;RENT;4.0;HOMEIMPROVEMENT;A;8700;7.88;0.13;N
0;88000;MORTGAGE;3.0;VENTURE;A;2700;7.90;0.03;N
0;80496;MORTGAGE;2.0;HOMEIMPROVEMENT;C;10000;13.72;0.12;N
0;29000;OWN;1.0;VENTURE;C;6250;12.87;0.22;Y
0;59000;MORTGAGE;0.0;MEDICAL;A;10000;7.51;0.17;N
0;54000;MORTGAGE;3.0;HOMEIMPROVEMENT;C;6000;13.49;0.11;N
0;67704;RENT;3.0;PERSONAL;B;15000;11.86;0.22;N
0;37000;MORTGAGE;7.0;EDUCATION;B;4000;10.59;0.11;N
0;60000;MORTGAGE;10.0;DEBTCONSOLIDATION;A;6000;8.94;0.10;N
0;60000;MORTGAGE;16.0;MEDICAL;A;6000;6.62;0.10;N
0;30000;MORTGAGE;21.0;VENTURE;B;2100;12.42;0.07;N
1;48000;RENT;1.0;EDUCATION;B;5500;10.62;0.11;N
1;57800;RENT;6.0;DEBTCONSOLIDATION;C;11200;13.16;0.19;N
0;71599;RENT;0.0;EDUCATION;A;6000;9.63;0.08;N
1;40277;RENT;5.0;MEDICAL;B;15000;11.71;0.37;N
0;97000;MORTGAGE;13.0;PERSONAL;C;1500;15.96;0.02;Y
0;66000;OWN;6.0;DEBTCONSOLIDATION;D;7500;17.58;0.11;Y
1;32352;MORTGAGE;6.0;HOMEIMPROVEMENT;C;1000;15.27;0.03;Y
0;115000;MORTGAGE;2.0;DEBTCONSOLIDATION;B;20000;10.83;0.17;N
0;33400;MORTGAGE;12.0;HOMEIMPROVEMENT;A;16700;7.66;0.50;N
0;48000;RENT;1.0;VENTURE;A;4325;5.42;0.09;N
0;70000;MORTGAGE;0.0;PERSONAL;A;9250;7.51;0.13;N
0;95000;OWN;6.0;HOMEIMPROVEMENT;E;14000;17.74;0.15;Y
0;66000;RENT;3.0;EDUCATION;A;3000;5.99;0.05;N
0;39000;RENT;2.0;MEDICAL;B;10000;10.25;0.26;N
0;90000;MORTGAGE;5.0;HOMEIMPROVEMENT;B;24250;10.62;0.27;N
1;138000;RENT;2.0;DEBTCONSOLIDATION;B;4000;11.71;0.03;N
0;27000;RENT;6.0;EDUCATION;C;6000;11.66;0.22;N
0;60000;MORTGAGE;6.0;EDUCATION;A;9000;6.91;0.15;N
0;63000;MORTGAGE;2.0;PERSONAL;B;10000;10.59;0.16;N
0;47500;RENT;2.0;VENTURE;C;10000;15.96;0.21;N
0;90000;RENT;7.0;VENTURE;C;10000;14.27;0.11;Y
0;92000;MORTGAGE;11.0;EDUCATION;B;18000;11.48;0.20;N
0;53000;MORTGAGE;10.0;VENTURE;A;12000;5.99;0.23;N
1;32000;RENT;2.0;EDUCATION;C;1000;13.06;0.03;N
1;41000;RENT;1.0;EDUCATION;D;5000;16.07;0.12;N
0;39000;RENT;8.0;DEBTCONSOLIDATION;A;4500;6.62;0.12;N
0;27036;RENT;2.0;VENTURE;B;5000;11.49;0.18;N
1;36480;RENT;0.0;PERSONAL;B;18000;11.71;0.49;N
1;39996;RENT;7.0;DEBTCONSOLIDATION;D;2500;15.65;0.06;N
0;85000;MORTGAGE;2.0;EDUCATION;A;5000;5.42;0.06;N
0;70000;RENT;2.0;EDUCATION;B;13000;10.00;0.19;N
0;65000;MORTGAGE;3.0;MEDICAL;C;10000;13.61;0.15;N
0;60000;MORTGAGE;2.0;DEBTCONSOLIDATION;B;15000;11.86;0.25;N
0;106369;MORTGAGE;2.0;MEDICAL;A;8325;6.99;0.08;N
1;54000;RENT;2.0;VENTURE;D;7800;14.84;0.14;N
0;90000;MORTGAGE;19.0;VENTURE;C;5000;13.61;0.06;Y
0;22080;OWN;3.0;EDUCATION;A;8000;8.59;0.36;N
0;86000;MORTGAGE;8.0;HOMEIMPROVEMENT;B;16000;11.12;0.19;N
0;34000;MORTGAGE;1.0;HOMEIMPROVEMENT;A;2500;6.03;0.07;N
0;88000;RENT;8.0;EDUCATION;B;8000;10.38;0.09;N
0;72000;MORTGAGE;13.0;VENTURE;A;22100;7.29;0.31;N
0;48000;RENT;4.0;VENTURE;B;10000;10.62;0.21;N
0;65000;OWN;1.0;VENTURE;C;12000;12.61;0.18;Y
0;135000;MORTGAGE;8.0;EDUCATION;F;10000;18.43;0.07;N
0;75744;MORTGAGE;2.0;PERSONAL;B;15000;10.38;0.20;N
1;50000;RENT;4.0;PERSONAL;C;17500;12.84;0.35;N
0;95000;MORTGAGE;2.0;HOMEIMPROVEMENT;A;3000;5.42;0.03;N
1;76000;MORTGAGE;9.0;EDUCATION;C;12000;15.96;0.16;N
1;397800;MORTGAGE;5.0;MEDICAL;D;14000;14.61;0.03;Y
0;90000;MORTGAGE;6.0;EDUCATION;B;20000;11.26;0.22;N
1;33000;RENT;2.0;EDUCATION;C;10800;12.23;0.33;N
0;107500;RENT;7.0;MEDICAL;A;10000;7.66;0.09;N
0;50000;RENT;7.0;PERSONAL;B;9000;12.18;0.18;N
0;50000;RENT;2.0;DEBTCONSOLIDATION;B;10000;11.26;0.20;N
1;44000;RENT;6.0;DEBTCONSOLIDATION;D;6000;14.96;0.14;N
0;140000;MORTGAGE;2.0;EDUCATION;A;18000;7.90;0.13;N
0;55000;MORTGAGE;10.0;VENTURE;A;12500;8.94;0.23;N
0;62000;RENT;7.0;VENTURE;D;5500;17.49;0.09;N
1;23700;RENT;8.0;VENTURE;A;10000;9.32;0.42;N
0;26000;OWN;7.0;PERSONAL;B;2000;10.36;0.08;N
0;60000;OWN;7.0;DEBTCONSOLIDATION;D;6000;14.84;0.10;Y
0;75000;MORTGAGE;8.0;MEDICAL;A;14000;6.03;0.19;N
0;96000;MORTGAGE;1.0;MEDICAL;B;22500;11.36;0.23;N
1;113000;MORTGAGE;5.0;PERSONAL;G;25000;18.84;0.22;Y
0;53549;MORTGAGE;17.0;DEBTCONSOLIDATION;A;14200;6.99;0.27;N
1;15600;OWN;5.0;HOMEIMPROVEMENT;A;3300;6.39;0.21;N
0;38000;MORTGAGE;2.0;MEDICAL;B;15000;10.99;0.39;N
0;118000;MORTGAGE;4.0;VENTURE;C;12000;13.11;0.10;N
1;20000;RENT;1.0;PERSONAL;B;3000;11.49;0.15;N
0;140004;MORTGAGE;4.0;EDUCATION;E;4000;16.45;0.03;N
0;191000;MORTGAGE;1.0;MEDICAL;B;10000;12.53;0.05;N
0;60000;RENT;1.0;DEBTCONSOLIDATION;B;3600;12.21;0.06;N
1;45012;RENT;6.0;MEDICAL;D;6500;13.99;0.14;N
0;52000;MORTGAGE;15.0;PERSONAL;B;8000;11.14;0.15;N
0;40000;MORTGAGE;6.0;PERSONAL;B;7200;11.11;0.18;N
0;53004;MORTGAGE;7.0;PERSONAL;A;10000;5.79;0.19;N
0;85000;RENT;5.0;EDUCATION;B;3000;10.99;0.04;N
0;102000;MORTGAGE;5.0;EDUCATION;A;4000;7.88;0.04;N
0;100000;MORTGAGE;1.0;HOMEIMPROVEMENT;A;12000;6.03;0.12;N
0;44400;MORTGAGE;13.0;HOMEIMPROVEMENT;B;21000;10.99;0.47;N
0;95000;RENT;3.0;VENTURE;D;10000;16.49;0.11;N
0;86400;MORTGAGE;16.0;MEDICAL;A;8000;6.03;0.09;N
1;25200;RENT;0.0;HOMEIMPROVEMENT;C;6000;13.23;0.24;Y
0;133300;RENT;6.0;DEBTCONSOLIDATION;B;25000;10.37;0.19;N
0;65200;MORTGAGE;1.0;DEBTCONSOLIDATION;A;4000;7.14;0.06;N
1;159800;MORTGAGE;6.0;MEDICAL;D;30000;17.58;0.16;Y
0;58000;OTHER;0.0;VENTURE;B;16000;12.21;0.28;N
1;36000;RENT;0.0;MEDICAL;B;12000;9.91;0.33;N
0;200000;RENT;8.0;EDUCATION;A;10000;8.49;0.05;N
0;54000;MORTGAGE;8.0;HOMEIMPROVEMENT;B;8500;10.99;0.16;N
0;72500;MORTGAGE;4.0;HOMEIMPROVEMENT;A;4000;5.42;0.06;N
0;39996;MORTGAGE;8.0;MEDICAL;C;10000;12.73;0.25;N
0;60000;MORTGAGE;12.0;MEDICAL;C;16000;15.96;0.27;Y
0;50000;RENT;2.0;VENTURE;C;2000;14.79;0.04;N
0;120000;MORTGAGE;0.0;PERSONAL;A;7000;7.49;0.06;N
0;69000;MORTGAGE;1.0;VENTURE;B;19000;9.51;0.28;N
1;42720;RENT;1.0;EDUCATION;D;10000;16.89;0.23;Y
1;24960;RENT;3.0;DEBTCONSOLIDATION;B;10750;10.25;0.43;N
0;95000;MORTGAGE;12.0;HOMEIMPROVEMENT;A;3500;6.03;0.04;N
0;48000;RENT;3.0;DEBTCONSOLIDATION;B;8000;9.96;0.17;N
0;150000;RENT;2.0;VENTURE;B;21000;12.62;0.14;N
0;86000;RENT;19.0;HOMEIMPROVEMENT;D;6000;14.84;0.07;Y
0;53000;MORTGAGE;3.0;EDUCATION;C;6400;13.11;0.12;Y
0;85000;MORTGAGE;3.0;DEBTCONSOLIDATION;B;4000;9.25;0.05;N
0;83500;RENT;1.0;HOMEIMPROVEMENT;C;15000;13.43;0.18;Y
1;64000;RENT;1.0;DEBTCONSOLIDATION;B;18000;11.58;0.28;N
0;57000;RENT;4.0;DEBTCONSOLIDATION;A;12000;8.94;0.21;N
0;65000;MORTGAGE;6.0;MEDICAL;C;11500;13.92;0.18;N
0;110000;RENT;4.0;DEBTCONSOLIDATION;A;13000;8.90;0.12;N
0;85000;MORTGAGE;0.0;PERSONAL;B;12000;10.00;0.14;N
0;66000;RENT;6.0;PERSONAL;C;16800;13.49;0.25;Y
0;38400;RENT;1.0;VENTURE;B;10000;10.39;0.26;N
0;75000;MORTGAGE;6.0;EDUCATION;A;10600;5.79;0.14;N
1;51060;RENT;9.0;VENTURE;A;21250;6.91;0.42;N
0;60000;RENT;1.0;HOMEIMPROVEMENT;C;6000;14.79;0.10;N
1;40000;RENT;1.0;VENTURE;C;13000;13.48;0.33;N
0;137004;MORTGAGE;3.0;DEBTCONSOLIDATION;A;10000;5.79;0.07;N
0;105000;MORTGAGE;12.0;EDUCATION;A;12000;7.88;0.11;N
0;102000;RENT;8.0;HOMEIMPROVEMENT;C;15000;14.22;0.15;N
0;59000;MORTGAGE;7.0;EDUCATION;A;9000;8.49;0.15;N
0;61260;MORTGAGE;2.0;MEDICAL;A;6350;7.51;0.10;N
0;48000;RENT;7.0;EDUCATION;A;9800;8.59;0.20;N
0;80000;RENT;2.0;MEDICAL;B;24000;10.25;0.30;N
0;65000;MORTGAGE;3.0;HOMEIMPROVEMENT;A;10000;7.49;0.15;N
1;56004;RENT;3.0;EDUCATION;D;9000;14.46;0.16;Y
0;30000;RENT;0.0;EDUCATION;B;5000;10.33;0.17;N
0;185000;RENT;4.0;EDUCATION;B;25000;11.36;0.14;N
0;20000;RENT;0.0;EDUCATION;B;4000;9.99;0.20;N
1;55044;RENT;4.0;VENTURE;E;18250;17.56;0.33;N
0;46800;RENT;0.0;EDUCATION;A;7500;7.88;0.16;N
0;78000;MORTGAGE;4.0;PERSONAL;B;1750;10.36;0.02;N
0;73000;RENT;1.0;VENTURE;A;10000;7.88;0.14;N
0;54000;RENT;16.0;HOMEIMPROVEMENT;A;8500;7.49;0.16;N
0;52000;MORTGAGE;8.0;HOMEIMPROVEMENT;A;6400;7.88;0.12;N
0;20400;RENT;0.0;VENTURE;B;6000;9.99;0.29;N
1;86652;RENT;5.0;HOMEIMPROVEMENT;B;20000;11.58;0.23;N
1;76000;MORTGAGE;5.0;PERSONAL;C;5000;12.41;0.07;Y
0;59300;RENT;1.0;MEDICAL;A;3000;9.63;0.05;N
0;50000;MORTGAGE;0.0;EDUCATION;B;20000;11.48;0.40;N
1;60000;RENT;14.0;MEDICAL;C;18500;12.99;0.31;N
0;250000;MORTGAGE;2.0;VENTURE;A;4000;7.14;0.02;N
0;70000;RENT;1.0;VENTURE;B;12000;11.58;0.17;N
0;77000;RENT;0.0;VENTURE;A;4800;7.14;0.06;N
0;37200;RENT;2.0;MEDICAL;A;5100;7.49;0.14;N
0;51000;MORTGAGE;5.0;DEBTCONSOLIDATION;A;20000;8.49;0.39;N
0;148000;MORTGAGE;17.0;VENTURE;C;8000;13.98;0.05;Y
0;85000;RENT;3.0;PERSONAL;A;10000;9.32;0.12;N
0;26000;RENT;5.0;MEDICAL;B;5200;12.53;0.20;N
1;33250;RENT;0.0;EDUCATION;D;2800;15.62;0.08;Y
0;30000;MORTGAGE;3.0;EDUCATION;A;5000;6.91;0.17;N
0;51996;RENT;2.0;DEBTCONSOLIDATION;A;10000;5.79;0.19;N
0;85000;OTHER;0.0;HOMEIMPROVEMENT;A;1000;7.68;0.01;N
0;110000;MORTGAGE;3.0;HOMEIMPROVEMENT;A;10000;8.59;0.09;N
0;50000;MORTGAGE;13.0;PERSONAL;C;12250;12.73;0.24;N
1;36000;RENT;2.0;PERSONAL;A;15000;7.66;0.42;N
0;50000;RENT;5.0;HOMEIMPROVEMENT;C;6000;12.99;0.12;Y
1;10000;OWN;6.0;VENTURE;D;1600;14.74;0.16;N
0;150086;RENT;5.0;MEDICAL;A;12000;6.54;0.08;N
0;70000;MORTGAGE;9.0;DEBTCONSOLIDATION;B;12000;11.36;0.17;N
0;59484;MORTGAGE;13.0;VENTURE;A;5500;7.14;0.09;N
0;41664;MORTGAGE;6.0;HOMEIMPROVEMENT;A;4000;5.99;0.10;N
0;84000;MORTGAGE;9.0;VENTURE;B;5000;10.99;0.06;N
0;63000;RENT;3.0;HOMEIMPROVEMENT;C;6000;13.23;0.10;N
0;25000;RENT;2.0;MEDICAL;B;5000;12.69;0.20;N
0;80000;RENT;12.0;MEDICAL;C;4800;14.79;0.06;Y
1;138000;MORTGAGE;3.0;EDUCATION;E;23975;17.93;0.17;N
1;105400;MORTGAGE;6.0;MEDICAL;D;24000;14.61;0.19;N
1;66500;MORTGAGE;0.0;DEBTCONSOLIDATION;B;22000;8.88;0.33;N
0;60000;MORTGAGE;1.0;VENTURE;A;5000;7.29;0.08;N
0;30000;RENT;5.0;PERSONAL;C;6000;13.23;0.20;N
0;55200;RENT;9.0;MEDICAL;B;12000;11.71;0.22;N
0;82600;RENT;4.0;MEDICAL;B;10800;9.76;0.13;N
0;38117;MORTGAGE;0.0;PERSONAL;B;13500;11.83;0.35;N
0;100000;RENT;1.0;HOMEIMPROVEMENT;C;25000;11.66;0.25;N
0;41000;RENT;3.0;PERSONAL;D;10750;15.37;0.26;N
0;108000;MORTGAGE;13.0;DEBTCONSOLIDATION;A;3500;6.76;0.03;N
0;68004;RENT;4.0;DEBTCONSOLIDATION;A;9600;7.51;0.14;N
0;45000;MORTGAGE;2.0;VENTURE;A;9050;6.62;0.20;N
0;34000;MORTGAGE;1.0;HOMEIMPROVEMENT;A;2500;6.03;0.07;N
0;48000;MORTGAGE;6.0;DEBTCONSOLIDATION;A;4400;5.99;0.09;N
0;70000;RENT;6.0;HOMEIMPROVEMENT;A;8400;7.49;0.12;N
1;26400;RENT;8.0;EDUCATION;C;4000;14.17;0.15;N
0;28140;RENT;0.0;MEDICAL;A;5000;7.29;0.18;N
0;54804;RENT;4.0;EDUCATION;D;3600;16.77;0.07;Y
0;40000;RENT;0.0;PERSONAL;C;5000;13.11;0.13;Y
0;91000;MORTGAGE;2.0;HOMEIMPROVEMENT;A;3000;5.99;0.03;N
0;66996;RENT;3.0;EDUCATION;B;20000;12.18;0.30;N
0;76000;MORTGAGE;4.0;PERSONAL;A;9000;5.99;0.12;N
1;47000;RENT;7.0;DEBTCONSOLIDATION;D;12000;16.29;0.26;Y
0;180000;OWN;13.0;MEDICAL;A;14000;5.99;0.08;N
0;87000;MORTGAGE;0.0;VENTURE;A;8000;5.79;0.09;N
0;100000;MORTGAGE;0.0;PERSONAL;A;7000;8.59;0.07;N
0;32000;MORTGAGE;13.0;HOMEIMPROVEMENT;A;8000;5.99;0.25;N
0;60500;OWN;6.0;PERSONAL;B;17000;12.42;0.28;N
0;150000;MORTGAGE;9.0;EDUCATION;A;30000;8.90;0.20;N
0;77000;MORTGAGE;4.0;DEBTCONSOLIDATION;A;8000;7.14;0.10;N
0;71000;MORTGAGE;6.0;VENTURE;C;1500;15.23;0.02;Y
0;39996;RENT;1.0;MEDICAL;A;5700;7.29;0.14;N
0;65000;MORTGAGE;6.0;EDUCATION;C;23325;15.27;0.36;Y
1;30000;RENT;5.0;PERSONAL;C;10000;13.98;0.33;Y
0;35004;OWN;8.0;DEBTCONSOLIDATION;D;8000;14.96;0.23;N
0;26400;OWN;19.0;VENTURE;A;6600;5.99;0.25;N
0;42500;RENT;1.0;DEBTCONSOLIDATION;B;12000;12.69;0.28;N
0;30000;OWN;0.0;PERSONAL;B;3000;11.14;0.10;N
0;41000;RENT;6.0;PERSONAL;C;4500;12.99;0.11;N
0;45000;RENT;0.0;EDUCATION;A;8000;9.63;0.18;N
0;50000;MORTGAGE;2.0;VENTURE;A;6400;8.49;0.13;N
0;70000;MORTGAGE;6.0;DEBTCONSOLIDATION;A;8400;6.99;0.12;N
1;25000;RENT;2.0;DEBTCONSOLIDATION;A;5000;8.94;0.20;N
1;46852;RENT;3.0;EDUCATION;B;6800;10.65;0.15;N
0;92700;MORTGAGE;2.0;EDUCATION;A;5000;8.94;0.05;N
0;42000;RENT;3.0;MEDICAL;B;8800;12.42;0.21;N
1;30000;RENT;6.0;VENTURE;B;11500;10.36;0.38;N
0;134500;MORTGAGE;9.0;DEBTCONSOLIDATION;C;24000;15.96;0.18;Y
0;80000;RENT;0.0;MEDICAL;C;8000;12.73;0.10;Y
0;50000;MORTGAGE;3.0;VENTURE;A;15000;8.90;0.30;N
0;50000;MORTGAGE;2.0;VENTURE;A;12500;9.32;0.25;N
0;63000;MORTGAGE;11.0;PERSONAL;A;2500;7.68;0.04;N
0;21000;MORTGAGE;4.0;DEBTCONSOLIDATION;B;3000;11.49;0.14;N
0;115000;RENT;9.0;HOMEIMPROVEMENT;C;7500;11.03;0.07;Y
1;50000;RENT;2.0;MEDICAL;D;2000;16.89;0.04;N
0;66000;RENT;2.0;EDUCATION;A;7500;6.62;0.11;N
0;60000;MORTGAGE;12.0;DEBTCONSOLIDATION;B;9600;9.99;0.16;N
1;32000;RENT;4.0;PERSONAL;A;10700;6.03;0.33;N
0;36000;RENT;2.0;EDUCATION;B;6000;11.86;0.17;N
0;32004;RENT;3.0;VENTURE;B;5000;10.62;0.16;N
0;54000;MORTGAGE;16.0;PERSONAL;A;11200;6.03;0.21;N
0;65000;RENT;11.0;VENTURE;D;12800;15.20;0.20;N
0;70000;RENT;9.0;PERSONAL;B;8000;12.53;0.11;N
1;45000;RENT;0.0;EDUCATION;E;6000;17.19;0.13;Y
0;97000;MORTGAGE;5.0;DEBTCONSOLIDATION;A;4000;6.62;0.04;N
0;77000;RENT;2.0;PERSONAL;A;15000;8.38;0.19;N
0;68000;RENT;1.0;VENTURE;A;3000;5.42;0.04;N
0;53000;RENT;3.0;HOMEIMPROVEMENT;C;5000;12.53;0.09;Y
0;66888;MORTGAGE;6.0;HOMEIMPROVEMENT;C;15000;12.23;0.22;Y
0;60000;RENT;0.0;MEDICAL;A;8000;7.66;0.13;N
0;46000;RENT;4.0;MEDICAL;A;9000;7.51;0.20;N
0;55000;MORTGAGE;5.0;EDUCATION;C;10000;14.72;0.18;N
1;44000;MORTGAGE;0.0;EDUCATION;C;6000;13.23;0.14;Y
1;108000;MORTGAGE;1.0;DEBTCONSOLIDATION;D;25000;13.99;0.23;Y
0;45000;MORTGAGE;16.0;MEDICAL;C;6500;13.98;0.14;N
0;105000;MORTGAGE;7.0;VENTURE;B;12000;11.36;0.11;N
0;100000;MORTGAGE;8.0;DEBTCONSOLIDATION;A;6400;7.29;0.06;N
0;52000;MORTGAGE;7.0;MEDICAL;C;5000;14.22;0.10;N
0;36000;MORTGAGE;6.0;PERSONAL;C;14000;12.99;0.39;N
0;51996;RENT;1.0;MEDICAL;C;10000;13.23;0.19;N
0;39996;RENT;1.0;PERSONAL;B;4000;10.99;0.10;N
1;39000;RENT;9.0;VENTURE;D;15200;16.00;0.39;N
1;35000;RENT;4.0;PERSONAL;D;14400;15.70;0.41;N
0;53979;MORTGAGE;5.0;EDUCATION;B;25000;10.08;0.46;N
0;49000;RENT;2.0;VENTURE;B;6000;10.99;0.12;N
0;48000;MORTGAGE;2.0;DEBTCONSOLIDATION;B;10650;10.59;0.22;N
0;150000;MORTGAGE;9.0;MEDICAL;C;20000;14.65;0.13;Y
0;80000;RENT;6.0;EDUCATION;C;14000;14.27;0.17;Y
0;186000;MORTGAGE;0.0;HOMEIMPROVEMENT;B;3700;10.99;0.02;N
1;24960;RENT;3.0;DEBTCONSOLIDATION;B;10750;10.25;0.43;N
0;30000;RENT;3.0;MEDICAL;A;6000;8.94;0.20;N
0;44000;RENT;14.0;EDUCATION;A;1000;5.42;0.02;N
0;43200;RENT;8.0;MEDICAL;C;7200;13.49;0.17;Y
0;89004;RENT;7.0;DEBTCONSOLIDATION;A;17000;9.63;0.19;N
1;30000;RENT;3.0;DEBTCONSOLIDATION;A;13000;7.88;0.43;N
0;70176;RENT;3.0;VENTURE;A;9000;7.88;0.13;N
0;41600;MORTGAGE;2.0;EDUCATION;D;3000;15.05;0.07;N
1;83000;MORTGAGE;5.0;DEBTCONSOLIDATION;D;5000;14.61;0.06;N
0;52000;MORTGAGE;5.0;PERSONAL;A;10000;7.29;0.19;N
0;130000;MORTGAGE;7.0;DEBTCONSOLIDATION;C;18000;13.22;0.14;Y
0;57000;OWN;11.0;EDUCATION;A;15000;6.03;0.26;N
0;36000;MORTGAGE;2.0;DEBTCONSOLIDATION;B;13500;9.91;0.38;N
0;27000;OWN;7.0;PERSONAL;B;2400;10.99;0.09;N
0;24000;RENT;6.0;MEDICAL;B;6000;10.65;0.25;N
1;57600;RENT;10.0;DEBTCONSOLIDATION;D;2150;15.62;0.04;Y
0;77940;MORTGAGE;3.0;DEBTCONSOLIDATION;B;16250;10.99;0.21;N
0;50004;OWN;5.0;MEDICAL;B;10200;10.37;0.20;N
0;40000;RENT;5.0;EDUCATION;D;6000;14.54;0.15;N
1;69000;RENT;0.0;PERSONAL;D;9000;16.77;0.13;Y
1;37000;RENT;1.0;EDUCATION;B;13000;9.91;0.35;N
1;15000;RENT;1.0;PERSONAL;A;5000;7.40;0.33;N
0;77940;MORTGAGE;3.0;VENTURE;B;16250;10.99;0.21;N
0;30000;RENT;3.0;PERSONAL;B;6000;10.75;0.20;N
1;49635;MORTGAGE;6.0;PERSONAL;A;12000;7.29;0.24;N
0;55000;MORTGAGE;4.0;PERSONAL;A;3600;6.92;0.07;N
0;150000;MORTGAGE;6.0;MEDICAL;C;9500;12.87;0.06;Y
0;53500;MORTGAGE;3.0;MEDICAL;B;10000;9.91;0.19;N
0;45600;OWN;7.0;EDUCATION;A;14000;7.90;0.31;N
1;42000;RENT;2.0;PERSONAL;F;6000;17.58;0.14;N
0;68000;RENT;7.0;MEDICAL;B;15000;10.37;0.22;N
0;34000;MORTGAGE;6.0;DEBTCONSOLIDATION;A;12000;6.03;0.35;N
0;80000;MORTGAGE;6.0;MEDICAL;A;3000;6.03;0.04;N
0;94800;MORTGAGE;10.0;DEBTCONSOLIDATION;A;14000;6.03;0.15;N
0;65000;RENT;3.0;EDUCATION;B;8000;12.69;0.12;N
0;60000;RENT;7.0;EDUCATION;C;5000;13.49;0.08;N
0;45000;RENT;3.0;MEDICAL;A;5800;7.88;0.13;N
0;61000;OWN;2.0;PERSONAL;C;15000;14.65;0.25;N
0;77000;MORTGAGE;2.0;PERSONAL;B;25000;12.18;0.32;N
0;21600;RENT;2.0;EDUCATION;C;3000;13.49;0.14;N
0;52582;RENT;5.0;MEDICAL;B;8500;10.62;0.16;N
1;80000;RENT;5.0;DEBTCONSOLIDATION;C;25000;13.61;0.31;N
0;70000;RENT;4.0;EDUCATION;A;7550;7.51;0.11;N
0;90000;MORTGAGE;6.0;PERSONAL;A;14300;6.03;0.16;N
0;67320;MORTGAGE;7.0;EDUCATION;C;3900;14.35;0.06;Y
0;29000;RENT;6.0;MEDICAL;C;4800;12.99;0.17;Y
0;66000;RENT;6.0;PERSONAL;C;16800;13.49;0.25;Y
0;51996;RENT;4.0;DEBTCONSOLIDATION;A;10000;7.14;0.19;N
1;36000;RENT;13.0;MEDICAL;A;12000;7.49;0.33;N
1;44500;RENT;2.0;MEDICAL;E;13000;16.32;0.29;N
0;42000;RENT;2.0;MEDICAL;A;7000;7.90;0.17;N
0;100000;RENT;6.0;EDUCATION;A;12000;8.90;0.12;N
0;66360;MORTGAGE;8.0;HOMEIMPROVEMENT;B;7000;11.86;0.11;N
1;46000;RENT;3.0;MEDICAL;D;15000;16.00;0.33;N
1;48096;RENT;4.0;DEBTCONSOLIDATION;E;1200;17.56;0.02;Y
0;80000;OWN;11.0;EDUCATION;B;5000;11.14;0.06;N
0;126000;MORTGAGE;6.0;EDUCATION;B;24000;11.36;0.19;N
1;54000;RENT;5.0;DEBTCONSOLIDATION;D;6000;15.62;0.11;Y
0;110000;MORTGAGE;14.0;PERSONAL;B;5000;11.49;0.05;N
0;60000;RENT;0.0;HOMEIMPROVEMENT;C;6000;13.57;0.10;Y
0;96000;RENT;5.0;MEDICAL;B;15000;11.58;0.16;N
0;40500;MORTGAGE;0.0;EDUCATION;A;6000;8.38;0.15;N
0;62500;MORTGAGE;13.0;DEBTCONSOLIDATION;B;5000;11.36;0.08;N
0;42000;OWN;8.0;EDUCATION;A;8000;6.62;0.19;N
0;58000;OWN;4.0;MEDICAL;C;6400;13.48;0.11;Y
0;54996;MORTGAGE;8.0;VENTURE;A;5500;5.99;0.10;N
0;36000;RENT;1.0;EDUCATION;A;3000;5.42;0.08;N
0;50000;RENT;3.0;EDUCATION;C;4000;12.61;0.08;Y
0;74000;OWN;3.0;PERSONAL;B;5000;10.62;0.07;N
0;90000;MORTGAGE;9.0;PERSONAL;A;10000;5.42;0.11;N
0;127992;MORTGAGE;10.0;MEDICAL;C;26000;13.99;0.20;Y
0;38000;OWN;6.0;MEDICAL;B;1000;10.08;0.03;N
1;110000;MORTGAGE;9.0;DEBTCONSOLIDATION;D;12000;15.99;0.11;N
0;55000;RENT;0.0;EDUCATION;B;10000;10.59;0.18;N
0;42000;RENT;5.0;EDUCATION;A;1500;5.79;0.04;N
0;62000;RENT;4.0;EDUCATION;C;2000;15.27;0.03;N
0;87000;RENT;7.0;VENTURE;B;6400;10.39;0.07;N
0;130000;MORTGAGE;0.0;PERSONAL;A;12000;8.59;0.09;N
0;85000;RENT;11.0;EDUCATION;A;5000;7.90;0.06;N
0;37000;RENT;5.0;EDUCATION;B;6000;11.83;0.16;N
0;65000;MORTGAGE;3.0;HOMEIMPROVEMENT;D;20000;16.77;0.31;Y
1;29100;RENT;2.0;PERSONAL;D;6250;16.07;0.21;Y
1;54000;MORTGAGE;2.0;HOMEIMPROVEMENT;B;7125;9.99;0.13;N
1;28800;RENT;1.0;VENTURE;C;9250;14.35;0.32;Y
1;30000;RENT;4.0;EDUCATION;B;10000;10.74;0.33;N
0;68500;MORTGAGE;7.0;VENTURE;C;4200;11.66;0.06;N
1;113000;RENT;1.0;HOMEIMPROVEMENT;D;9600;14.91;0.08;Y
0;80000;MORTGAGE;5.0;DEBTCONSOLIDATION;C;4000;12.98;0.05;Y
0;84000;MORTGAGE;13.0;HOMEIMPROVEMENT;B;12000;11.11;0.14;N
0;49500;RENT;0.0;MEDICAL;A;10000;7.66;0.20;N
0;44959;MORTGAGE;2.0;PERSONAL;B;10000;11.71;0.22;N
1;71004;MORTGAGE;8.0;DEBTCONSOLIDATION;D;5000;14.96;0.07;Y
0;65000;MORTGAGE;12.0;EDUCATION;B;24000;10.99;0.37;N
0;85000;MORTGAGE;0.0;EDUCATION;E;24000;19.03;0.28;N
0;40000;RENT;2.0;MEDICAL;B;9000;12.53;0.23;N
0;110000;RENT;7.0;EDUCATION;C;20000;14.17;0.18;N
1;33772;RENT;3.0;HOMEIMPROVEMENT;D;3600;16.02;0.11;Y
0;45000;MORTGAGE;12.0;DEBTCONSOLIDATION;C;12250;14.27;0.27;Y
0;54000;RENT;15.0;PERSONAL;B;10000;10.99;0.19;N
0;72000;RENT;5.0;MEDICAL;B;20000;11.83;0.28;N
0;45000;RENT;2.0;VENTURE;B;10000;10.36;0.22;N
0;57600;MORTGAGE;0.0;HOMEIMPROVEMENT;C;6000;14.65;0.10;N
0;64777;RENT;5.0;DEBTCONSOLIDATION;A;8500;7.51;0.13;N
0;44500;RENT;5.0;PERSONAL;B;2500;11.99;0.06;N
0;30000;RENT;0.0;DEBTCONSOLIDATION;B;2000;10.75;0.07;N
1;44000;RENT;5.0;EDUCATION;B;13650;10.65;0.31;N
0;120000;MORTGAGE;4.0;MEDICAL;A;16800;6.91;0.14;N
0;55000;RENT;7.0;EDUCATION;A;10000;5.79;0.18;N
0;55000;MORTGAGE;10.0;VENTURE;A;5000;6.92;0.09;N
0;110000;MORTGAGE;5.0;VENTURE;B;25000;11.12;0.23;N
1;43000;RENT;7.0;DEBTCONSOLIDATION;B;15000;10.99;0.35;N
0;32500;RENT;5.0;MEDICAL;D;4000;16.29;0.12;Y
0;42000;RENT;3.0;PERSONAL;B;11000;11.71;0.26;N
0;84000;RENT;0.0;MEDICAL;C;15000;11.34;0.18;N
0;39000;RENT;5.0;MEDICAL;B;9000;10.71;0.23;N
0;102489;MORTGAGE;14.0;PERSONAL;B;25000;12.18;0.24;N
0;42000;MORTGAGE;8.0;MEDICAL;B;7600;6.00;0.18;N
1;33000;RENT;1.0;MEDICAL;B;14125;9.91;0.43;N
0;95000;RENT;9.0;HOMEIMPROVEMENT;D;18000;15.31;0.19;N
0;60000;OWN;7.0;PERSONAL;B;10000;10.37;0.17;N
1;30000;RENT;2.0;DEBTCONSOLIDATION;E;5200;17.19;0.17;N
0;93600;MORTGAGE;9.0;DEBTCONSOLIDATION;B;20000;10.62;0.21;N
0;120000;MORTGAGE;6.0;MEDICAL;A;4500;5.99;0.04;N
1;47000;RENT;5.0;MEDICAL;D;20000;16.77;0.43;N
0;75000;MORTGAGE;6.0;VENTURE;B;25000;10.99;0.33;N
0;27259;RENT;1.0;EDUCATION;B;2400;10.59;0.09;N
0;87000;MORTGAGE;5.0;MEDICAL;B;10000;10.36;0.11;N
0;51600;MORTGAGE;6.0;EDUCATION;B;4200;10.59;0.08;N
0;43200;RENT;6.0;VENTURE;B;8600;11.36;0.20;N
1;23040;RENT;0.0;DEBTCONSOLIDATION;F;9500;19.04;0.41;Y
0;80000;MORTGAGE;8.0;EDUCATION;B;18000;10.62;0.23;N
0;36396;MORTGAGE;6.0;EDUCATION;B;5500;11.12;0.15;N
0;38500;MORTGAGE;5.0;PERSONAL;A;6500;7.51;0.17;N
0;36000;MORTGAGE;10.0;PERSONAL;B;18000;10.39;0.50;N
0;71040;MORTGAGE;1.0;DEBTCONSOLIDATION;A;3000;5.79;0.04;N
0;27600;OWN;2.0;VENTURE;B;2500;11.71;0.09;N
0;43200;RENT;4.0;MEDICAL;B;4200;10.74;0.10;N
0;84000;MORTGAGE;0.0;MEDICAL;A;10000;7.88;0.12;N
0;65000;RENT;0.0;PERSONAL;B;5200;9.99;0.08;N
1;42200;RENT;6.0;VENTURE;D;12800;15.21;0.30;N
0;107000;RENT;2.0;DEBTCONSOLIDATION;A;4900;8.94;0.05;N
0;181000;MORTGAGE;11.0;DEBTCONSOLIDATION;C;20000;13.85;0.11;Y
0;99600;MORTGAGE;6.0;EDUCATION;B;5000;11.86;0.05;N
0;72000;MORTGAGE;14.0;EDUCATION;C;9000;15.23;0.13;Y
0;89000;MORTGAGE;8.0;MEDICAL;C;25000;13.11;0.28;Y
1;73000;RENT;1.0;DEBTCONSOLIDATION;D;11400;14.84;0.16;Y
1;91800;MORTGAGE;0.0;MEDICAL;D;8400;14.84;0.08;N
0;36000;OWN;4.0;MEDICAL;D;10000;16.29;0.28;Y
0;70000;RENT;13.0;EDUCATION;A;8000;7.49;0.11;N
0;79440;MORTGAGE;12.0;MEDICAL;C;5525;13.85;0.07;Y
1;56000;RENT;5.0;MEDICAL;E;15000;16.00;0.27;N
1;36996;RENT;2.0;PERSONAL;D;18250;14.61;0.49;Y
0;87600;MORTGAGE;7.0;MEDICAL;C;20000;13.35;0.23;Y
0;78000;MORTGAGE;0.0;HOMEIMPROVEMENT;A;5000;6.62;0.06;N
0;80000;MORTGAGE;9.0;VENTURE;D;14000;15.62;0.17;Y
1;69000;RENT;1.0;EDUCATION;D;9000;14.09;0.13;Y
0;37400;RENT;0.0;DEBTCONSOLIDATION;B;4000;10.38;0.11;N
0;85000;OWN;3.0;MEDICAL;D;15000;15.33;0.18;Y
0;105000;MORTGAGE;2.0;MEDICAL;A;10000;7.51;0.10;N
0;43200;OWN;6.0;VENTURE;E;13000;15.95;0.30;N
0;32000;RENT;5.0;EDUCATION;A;7200;5.42;0.23;N
0;51319;MORTGAGE;2.0;VENTURE;B;20000;10.37;0.39;N
0;33000;RENT;5.0;EDUCATION;C;5000;12.84;0.15;N
0;38400;MORTGAGE;9.0;EDUCATION;B;12000;10.38;0.31;N
0;53000;RENT;4.0;MEDICAL;A;4500;6.03;0.08;N
0;60000;OWN;11.0;VENTURE;C;4000;13.98;0.07;Y
0;90000;MORTGAGE;14.0;VENTURE;B;21000;10.59;0.23;N
0;132000;RENT;14.0;HOMEIMPROVEMENT;B;21500;10.62;0.16;N
1;30000;RENT;10.0;MEDICAL;B;6000;10.37;0.20;N
0;64600;RENT;2.0;DEBTCONSOLIDATION;A;5000;7.90;0.08;N
0;64000;MORTGAGE;8.0;VENTURE;B;1200;10.74;0.02;N
0;40000;RENT;4.0;MEDICAL;B;12000;12.69;0.30;N
0;150000;MORTGAGE;0.0;HOMEIMPROVEMENT;A;16000;8.49;0.11;N
1;60000;RENT;4.0;HOMEIMPROVEMENT;A;25000;8.90;0.42;N
1;34000;RENT;7.0;PERSONAL;D;9600;14.54;0.28;N
0;66000;MORTGAGE;5.0;DEBTCONSOLIDATION;B;13000;10.25;0.20;N
0;107000;OWN;17.0;VENTURE;C;4000;13.49;0.04;N
0;45000;RENT;0.0;EDUCATION;C;4000;13.43;0.09;N
0;20664;RENT;4.0;EDUCATION;C;4550;13.72;0.22;Y
0;36000;MORTGAGE;3.0;EDUCATION;B;5000;11.12;0.14;N
0;50000;RENT;4.0;DEBTCONSOLIDATION;B;6000;11.49;0.12;N
0;100000;MORTGAGE;7.0;MEDICAL;C;15000;12.04;0.15;N
1;21600;RENT;0.0;EDUCATION;A;9600;7.49;0.44;N
0;22000;MORTGAGE;1.0;EDUCATION;B;5375;12.21;0.24;N
0;70000;RENT;4.0;VENTURE;A;6000;7.29;0.09;N
0;54000;MORTGAGE;2.0;VENTURE;A;8700;7.05;0.16;N
1;24000;RENT;1.0;MEDICAL;A;8500;7.49;0.35;N
0;75000;MORTGAGE;10.0;DEBTCONSOLIDATION;A;15350;6.17;0.20;N
1;50000;RENT;0.0;PERSONAL;A;18000;8.49;0.36;N
0;107280;MORTGAGE;4.0;EDUCATION;E;25000;16.45;0.23;Y
0;90000;MORTGAGE;8.0;HOMEIMPROVEMENT;B;18000;11.11;0.20;N
0;110004;MORTGAGE;5.0;PERSONAL;C;25000;12.73;0.23;Y
0;68000;MORTGAGE;6.0;MEDICAL;A;13000;7.88;0.19;N
0;65993;MORTGAGE;3.0;EDUCATION;D;9000;14.59;0.14;N
0;80000;RENT;0.0;PERSONAL;A;6000;8.94;0.07;N
0;58000;RENT;6.0;DEBTCONSOLIDATION;A;10000;6.54;0.17;N
0;75000;MORTGAGE;6.0;EDUCATION;C;7500;12.23;0.10;Y
0;58500;RENT;11.0;VENTURE;B;6400;12.53;0.11;N
0;87000;MORTGAGE;7.0;MEDICAL;A;17000;7.51;0.20;N
1;55000;RENT;0.0;PERSONAL;D;8500;16.29;0.15;Y
0;29004;OWN;1.0;EDUCATION;C;2000;13.16;0.07;Y
0;66912;MORTGAGE;10.0;MEDICAL;A;12000;5.42;0.18;N
0;48000;RENT;7.0;EDUCATION;A;8000;5.99;0.17;N
0;52000;RENT;0.0;EDUCATION;A;3000;5.99;0.06;N
1;18000;RENT;0.0;EDUCATION;A;5000;8.59;0.28;N
1;30000;OWN;9.0;DEBTCONSOLIDATION;E;1200;16.69;0.04;Y
0;54000;MORTGAGE;6.0;HOMEIMPROVEMENT;A;10000;7.51;0.19;N
0;43000;MORTGAGE;4.0;MEDICAL;A;13800;6.91;0.32;N
0;84000;MORTGAGE;7.0;EDUCATION;B;23000;11.99;0.27;N
1;30000;RENT;0.0;MEDICAL;B;12000;11.83;0.40;N
0;114000;MORTGAGE;7.0;EDUCATION;C;8000;12.68;0.07;N
1;78000;RENT;4.0;PERSONAL;B;24000;10.99;0.31;N
0;48000;RENT;10.0;PERSONAL;B;4225;9.83;0.09;N
0;41664;MORTGAGE;6.0;HOMEIMPROVEMENT;A;4000;5.99;0.10;N
0;24000;RENT;2.0;VENTURE;A;4000;8.59;0.17;N
1;53000;RENT;8.0;PERSONAL;B;17000;10.25;0.32;N
1;30000;RENT;1.0;DEBTCONSOLIDATION;C;15000;15.27;0.50;N
0;28500;MORTGAGE;9.0;EDUCATION;A;4000;7.74;0.14;N
0;23000;RENT;6.0;MEDICAL;C;6250;12.73;0.27;N
0;80000;RENT;0.0;VENTURE;B;16000;9.88;0.20;N
1;78996;RENT;5.0;HOMEIMPROVEMENT;A;6000;7.51;0.08;N
0;70000;RENT;0.0;PERSONAL;B;4000;10.99;0.06;N
1;35000;RENT;1.0;VENTURE;A;11400;6.91;0.33;N
0;74000;MORTGAGE;8.0;EDUCATION;B;25000;11.49;0.34;N
0;42000;OWN;8.0;EDUCATION;A;8000;6.62;0.19;N
0;50000;MORTGAGE;3.0;VENTURE;C;7000;13.48;0.14;Y
0;65700;RENT;7.0;PERSONAL;B;6800;10.37;0.10;N
1;44000;RENT;0.0;EDUCATION;D;16000;13.24;0.36;Y
0;44000;MORTGAGE;3.0;EDUCATION;C;6400;13.85;0.15;N
0;47000;MORTGAGE;6.0;MEDICAL;C;20000;13.49;0.43;N
0;26004;RENT;8.0;DEBTCONSOLIDATION;A;7000;6.92;0.27;N
0;51996;MORTGAGE;0.0;PERSONAL;B;12000;10.74;0.23;N
1;32000;RENT;2.0;DEBTCONSOLIDATION;D;8400;16.77;0.26;Y
0;84000;MORTGAGE;13.0;PERSONAL;B;12000;11.11;0.14;N
1;30000;RENT;1.0;EDUCATION;D;4000;14.96;0.13;Y
0;45000;MORTGAGE;4.0;MEDICAL;A;5800;6.99;0.13;N
0;53000;RENT;7.0;PERSONAL;B;15000;10.62;0.28;N
1;15600;RENT;0.0;VENTURE;D;1200;14.91;0.08;N
0;40000;RENT;4.0;DEBTCONSOLIDATION;B;4800;11.71;0.12;N
0;100000;MORTGAGE;5.0;VENTURE;A;7000;6.76;0.07;N
0;70000;MORTGAGE;2.0;MEDICAL;B;4625;10.62;0.07;N
0;61000;RENT;0.0;EDUCATION;A;14000;6.99;0.23;N
0;31200;RENT;4.0;PERSONAL;B;2725;10.74;0.09;N
0;28600;RENT;3.0;VENTURE;B;6700;10.37;0.23;N
0;58000;RENT;6.0;VENTURE;B;12000;11.49;0.21;N
1;58000;RENT;0.0;EDUCATION;B;20000;9.91;0.34;N
1;72000;MORTGAGE;8.0;EDUCATION;C;14000;14.65;0.19;Y
0;27000;RENT;0.0;MEDICAL;B;1800;11.36;0.07;N
0;30000;OWN;4.0;PERSONAL;D;8000;15.70;0.27;Y
0;57057;RENT;3.0;VENTURE;C;9000;13.11;0.16;N
0;98000;MORTGAGE;12.0;VENTURE;B;12000;8.88;0.12;N
0;25000;RENT;0.0;EDUCATION;A;7000;6.92;0.28;N
0;165000;MORTGAGE;3.0;HOMEIMPROVEMENT;C;15000;12.61;0.09;N
0;90000;MORTGAGE;6.0;MEDICAL;B;6400;9.88;0.07;N
1;148000;MORTGAGE;30.0;DEBTCONSOLIDATION;B;24000;10.38;0.16;N
0;44470;MORTGAGE;2.0;DEBTCONSOLIDATION;A;4000;6.76;0.09;N
0;18000;RENT;0.0;MEDICAL;A;2250;8.49;0.13;N
1;30000;RENT;1.0;PERSONAL;A;11100;6.62;0.37;N
0;85500;RENT;1.0;DEBTCONSOLIDATION;C;17000;13.11;0.20;Y
0;91000;MORTGAGE;7.0;PERSONAL;D;1500;14.54;0.02;Y
0;39996;RENT;2.0;DEBTCONSOLIDATION;A;6000;7.51;0.15;N
0;21600;RENT;4.0;EDUCATION;A;2500;5.99;0.12;N
0;18000;RENT;4.0;EDUCATION;A;2000;7.29;0.11;N
0;117000;MORTGAGE;17.0;HOMEIMPROVEMENT;A;20000;6.17;0.17;N
0;120000;RENT;1.0;VENTURE;C;17500;12.87;0.15;Y
0;49800;MORTGAGE;3.0;PERSONAL;A;6000;7.14;0.12;N
0;64800;RENT;3.0;VENTURE;C;3000;13.98;0.05;N
1;61200;RENT;12.0;MEDICAL;B;8000;10.38;0.11;N
0;120000;MORTGAGE;7.0;MEDICAL;A;6000;6.99;0.05;N
0;31000;RENT;3.0;VENTURE;A;7100;8.90;0.23;N
1;96000;RENT;14.0;DEBTCONSOLIDATION;E;4000;17.93;0.04;Y
0;36000;MORTGAGE;3.0;HOMEIMPROVEMENT;B;2400;10.65;0.07;N
0;45996;RENT;3.0;DEBTCONSOLIDATION;C;11500;12.53;0.25;Y
1;74000;MORTGAGE;13.0;VENTURE;C;10000;15.96;0.14;Y
0;140000;MORTGAGE;6.0;MEDICAL;A;13000;7.51;0.09;N
1;6000;OWN;1.0;PERSONAL;D;1600;14.61;0.27;Y
0;110000;RENT;0.0;DEBTCONSOLIDATION;A;2100;7.12;0.02;N
0;50000;MORTGAGE;3.0;PERSONAL;A;6000;6.92;0.12;N
0;52000;RENT;12.0;VENTURE;A;10000;6.92;0.19;N
0;108000;MORTGAGE;6.0;PERSONAL;B;27400;10.99;0.25;N
0;140000;MORTGAGE;9.0;DEBTCONSOLIDATION;B;35000;10.59;0.25;N
0;41500;OWN;11.0;VENTURE;A;4500;7.49;0.11;N
0;102000;MORTGAGE;4.0;EDUCATION;A;12250;7.66;0.12;N
1;16800;RENT;9.0;HOMEIMPROVEMENT;D;2750;14.84;0.16;Y
0;55000;OWN;10.0;VENTURE;C;14500;12.73;0.26;N
0;43000;MORTGAGE;3.0;DEBTCONSOLIDATION;A;9800;8.59;0.23;N
0;68400;RENT;2.0;DEBTCONSOLIDATION;B;10000;11.11;0.15;N
0;40000;RENT;0.0;VENTURE;C;1800;13.23;0.04;Y
0;61041;RENT;7.0;PERSONAL;B;9000;11.36;0.15;N
0;123000;MORTGAGE;0.0;VENTURE;C;13225;16.11;0.11;Y
0;34000;RENT;2.0;PERSONAL;C;6000;13.57;0.18;N
0;100000;MORTGAGE;0.0;PERSONAL;A;6575;5.79;0.07;N
0;129996;MORTGAGE;11.0;PERSONAL;A;4800;9.63;0.04;N
0;170000;RENT;14.0;EDUCATION;D;25000;15.20;0.15;N
0;24000;RENT;1.0;EDUCATION;B;5000;10.36;0.21;N
0;38400;RENT;3.0;EDUCATION;C;2200;13.06;0.06;Y
0;59000;MORTGAGE;5.0;EDUCATION;A;13000;5.42;0.22;N
0;96000;OWN;9.0;PERSONAL;D;5600;15.21;0.06;N
0;100000;RENT;7.0;PERSONAL;E;15600;17.88;0.16;Y
0;45000;RENT;0.0;MEDICAL;C;4000;13.80;0.09;Y
0;56004;MORTGAGE;9.0;HOMEIMPROVEMENT;A;9600;5.99;0.17;N
0;58000;RENT;3.0;VENTURE;C;6000;12.87;0.10;Y
0;58800;MORTGAGE;13.0;VENTURE;B;16000;9.88;0.27;N
1;73185;MORTGAGE;7.0;MEDICAL;B;7000;9.63;0.08;N
0;195000;MORTGAGE;14.0;VENTURE;C;6000;14.27;0.03;N
1;52000;MORTGAGE;11.0;HOMEIMPROVEMENT;C;3000;15.96;0.06;Y
0;86400;RENT;7.0;PERSONAL;A;16875;7.51;0.20;N
1;69000;RENT;0.0;HOMEIMPROVEMENT;D;16000;14.96;0.23;Y
0;68004;RENT;8.0;DEBTCONSOLIDATION;A;6800;8.49;0.10;N
0;60000;RENT;1.0;VENTURE;C;10000;13.22;0.17;N
0;175000;RENT;2.0;VENTURE;B;17000;9.88;0.10;N
0;47840;RENT;0.0;EDUCATION;C;9000;12.53;0.19;N
0;50000;OWN;2.0;PERSONAL;C;1200;14.26;0.02;N
0;64000;RENT;6.0;EDUCATION;C;12800;14.35;0.20;Y
1;49000;MORTGAGE;7.0;MEDICAL;D;5000;15.21;0.10;N
1;17721;OWN;0.0;DEBTCONSOLIDATION;C;3975;11.97;0.22;Y
1;77000;RENT;24.0;VENTURE;C;24000;13.49;0.31;N
0;120000;MORTGAGE;5.0;PERSONAL;A;28000;7.90;0.23;N
0;40000;RENT;3.0;DEBTCONSOLIDATION;A;4000;5.42;0.10;N
1;19000;OWN;2.0;HOMEIMPROVEMENT;D;7800;15.58;0.41;Y
0;33000;MORTGAGE;3.0;EDUCATION;B;5600;10.59;0.17;N
1;29004;RENT;4.0;HOMEIMPROVEMENT;B;6000;10.75;0.21;N
0;65000;RENT;11.0;VENTURE;D;12800;15.20;0.20;N
0;100000;MORTGAGE;4.0;EDUCATION;C;10000;12.87;0.10;N
0;40000;MORTGAGE;13.0;PERSONAL;A;6400;7.51;0.16;N
0;30000;MORTGAGE;3.0;DEBTCONSOLIDATION;C;4500;14.72;0.15;Y
0;39996;RENT;2.0;EDUCATION;C;4500;13.43;0.11;N
1;69000;MORTGAGE;15.0;EDUCATION;A;4050;7.51;0.06;N
1;24000;RENT;0.0;HOMEIMPROVEMENT;D;3000;14.12;0.13;N
0;54000;RENT;2.0;DEBTCONSOLIDATION;A;6000;7.90;0.11;N
0;120000;MORTGAGE;0.0;HOMEIMPROVEMENT;D;5575;15.20;0.05;Y
0;135000;MORTGAGE;18.0;VENTURE;A;8000;9.32;0.06;N
0;56000;MORTGAGE;6.0;PERSONAL;A;4750;7.14;0.08;N
0;34000;RENT;1.0;MEDICAL;A;8500;7.88;0.25;N
1;84000;MORTGAGE;1.0;DEBTCONSOLIDATION;D;3000;15.99;0.04;Y
1;238000;MORTGAGE;14.0;DEBTCONSOLIDATION;D;12000;14.09;0.05;Y
0;132000;MORTGAGE;10.0;MEDICAL;B;11200;10.99;0.08;N
0;37200;RENT;1.0;DEBTCONSOLIDATION;B;7000;10.99;0.19;N
0;65000;MORTGAGE;9.0;PERSONAL;A;5000;7.29;0.08;N
0;154000;MORTGAGE;11.0;DEBTCONSOLIDATION;B;20000;11.83;0.13;N
0;50000;MORTGAGE;8.0;EDUCATION;A;3000;7.66;0.06;N
0;26500;MORTGAGE;5.0;DEBTCONSOLIDATION;A;6200;6.03;0.23;N
0;42000;RENT;8.0;DEBTCONSOLIDATION;A;12375;7.29;0.29;N
0;47760;MORTGAGE;2.0;PERSONAL;A;15000;6.03;0.31;N
0;41000;MORTGAGE;17.0;EDUCATION;B;10000;10.99;0.24;N
0;48000;OWN;5.0;VENTURE;A;4400;5.99;0.09;N
1;78000;MORTGAGE;4.0;HOMEIMPROVEMENT;B;24000;10.25;0.31;N
0;60000;RENT;3.0;DEBTCONSOLIDATION;B;3000;10.00;0.05;N
0;52000;MORTGAGE;5.0;EDUCATION;A;6000;7.90;0.12;N
0;69996;MORTGAGE;14.0;PERSONAL;B;11250;12.21;0.16;N
0;37000;RENT;2.0;VENTURE;A;2500;7.14;0.07;N
1;23000;RENT;1.0;DEBTCONSOLIDATION;B;8875;10.74;0.39;N
0;27600;OWN;2.0;HOMEIMPROVEMENT;A;6000;8.90;0.22;N
0;81972;RENT;4.0;DEBTCONSOLIDATION;B;18000;10.99;0.22;N
0;109000;MORTGAGE;9.0;VENTURE;A;12000;7.51;0.11;N
0;51000;OWN;11.0;PERSONAL;A;12000;7.49;0.24;N
1;238000;MORTGAGE;2.0;DEBTCONSOLIDATION;E;25000;15.95;0.11;N
0;186996;MORTGAGE;0.0;EDUCATION;D;25000;14.46;0.13;Y
1;31200;OWN;0.0;MEDICAL;F;14000;18.09;0.45;Y
0;125000;MORTGAGE;11.0;MEDICAL;B;30000;10.99;0.24;N
0;90000;RENT;2.0;DEBTCONSOLIDATION;B;10000;11.12;0.11;N
0;50000;RENT;0.0;VENTURE;B;7200;11.71;0.14;N
0;44000;RENT;12.0;VENTURE;C;3500;13.61;0.08;N
1;58650;MORTGAGE;0.0;MEDICAL;A;5200;6.54;0.08;N
0;45000;RENT;4.0;EDUCATION;A;9000;5.99;0.20;N
0;41600;OWN;4.0;EDUCATION;B;12000;12.42;0.29;N
0;45000;RENT;4.0;PERSONAL;B;8000;10.38;0.18;N
0;127000;MORTGAGE;9.0;PERSONAL;B;6000;9.91;0.05;N
1;59000;RENT;0.0;HOMEIMPROVEMENT;D;9000;15.28;0.15;N
0;50000;RENT;1.0;DEBTCONSOLIDATION;C;15000;13.22;0.30;Y
0;65000;RENT;1.0;EDUCATION;B;12800;9.45;0.20;N
0;60000;RENT;4.0;VENTURE;A;10000;7.51;0.17;N
0;65280;RENT;0.0;PERSONAL;C;8400;13.61;0.13;N
1;54000;RENT;1.0;DEBTCONSOLIDATION;F;7000;20.89;0.13;N
0;36000;RENT;10.0;MEDICAL;A;6400;5.99;0.18;N
0;108000;MORTGAGE;4.0;PERSONAL;A;9000;5.79;0.08;N
0;110000;MORTGAGE;5.0;VENTURE;B;15000;10.25;0.14;N
1;30000;RENT;3.0;VENTURE;D;10500;16.29;0.35;N
0;54000;MORTGAGE;7.0;MEDICAL;A;13500;9.63;0.25;N
0;40000;MORTGAGE;3.0;DEBTCONSOLIDATION;A;2000;7.90;0.05;N
0;28800;MORTGAGE;6.0;DEBTCONSOLIDATION;A;6075;8.49;0.21;N
0;66000;RENT;0.0;EDUCATION;B;7000;9.99;0.11;N
1;88000;MORTGAGE;6.0;DEBTCONSOLIDATION;E;16000;16.45;0.18;N
0;30000;MORTGAGE;1.0;VENTURE;A;10000;6.99;0.33;N
1;44000;MORTGAGE;6.0;VENTURE;D;6400;15.99;0.15;Y
0;87000;MORTGAGE;6.0;EDUCATION;B;1500;10.99;0.02;N
0;110000;RENT;5.0;HOMEIMPROVEMENT;D;15600;15.33;0.14;Y
1;190000;MORTGAGE;5.0;EDUCATION;F;22000;17.58;0.12;Y
1;61200;MORTGAGE;6.0;MEDICAL;E;16000;16.45;0.22;N
1;24996;RENT;0.0;MEDICAL;B;2500;10.99;0.10;N
0;78000;RENT;1.0;PERSONAL;A;6000;9.63;0.08;N
1;162350;RENT;12.0;MEDICAL;G;25000;21.64;0.13;Y
1;51000;MORTGAGE;10.0;MEDICAL;D;13000;15.33;0.25;Y
0;50000;OWN;4.0;DEBTCONSOLIDATION;D;10000;15.95;0.20;Y
0;51000;RENT;5.0;PERSONAL;B;9000;10.99;0.18;N
0;74500;RENT;8.0;VENTURE;B;5000;11.36;0.07;N
0;35000;MORTGAGE;6.0;DEBTCONSOLIDATION;A;9500;6.03;0.27;N
0;27000;RENT;11.0;EDUCATION;B;1500;10.36;0.06;N
0;80000;RENT;1.0;VENTURE;A;7000;7.14;0.09;N
0;77000;MORTGAGE;2.0;EDUCATION;E;10000;16.35;0.13;Y
0;307000;OWN;10.0;VENTURE;C;11000;14.26;0.04;Y
0;48000;OWN;6.0;EDUCATION;B;5000;10.08;0.10;N
0;46000;MORTGAGE;2.0;PERSONAL;B;4000;11.48;0.09;N
0;30000;OWN;6.0;HOMEIMPROVEMENT;B;7500;10.96;0.25;N
0;89000;RENT;0.0;MEDICAL;A;12000;8.94;0.13;N
0;117000;RENT;4.0;HOMEIMPROVEMENT;B;10625;11.14;0.09;N
0;57720;RENT;8.0;DEBTCONSOLIDATION;C;12000;12.87;0.21;Y
0;73000;RENT;1.0;PERSONAL;C;14000;13.11;0.19;N
1;17573;RENT;1.0;MEDICAL;A;3000;7.37;0.17;N
0;48000;MORTGAGE;13.0;PERSONAL;A;6625;8.49;0.14;N
0;24000;OWN;3.0;VENTURE;B;2500;10.59;0.10;N
0;44000;RENT;1.0;EDUCATION;C;13000;13.47;0.30;N
0;88500;MORTGAGE;10.0;EDUCATION;A;10000;8.59;0.11;N
0;42000;OWN;2.0;MEDICAL;C;2000;15.62;0.05;Y
0;180000;RENT;16.0;DEBTCONSOLIDATION;A;14000;6.03;0.08;N
0;113000;RENT;3.0;VENTURE;B;16000;11.99;0.14;N
0;78000;RENT;4.0;HOMEIMPROVEMENT;C;9600;12.29;0.12;Y
1;21000;RENT;3.0;PERSONAL;B;10000;12.21;0.48;N
1;150500;MORTGAGE;10.0;DEBTCONSOLIDATION;D;10000;15.99;0.07;N
0;104000;MORTGAGE;7.0;DEBTCONSOLIDATION;A;35000;7.49;0.34;N
0;55000;MORTGAGE;3.0;PERSONAL;A;15000;6.62;0.27;N
0;56000;MORTGAGE;4.0;HOMEIMPROVEMENT;C;19125;13.99;0.34;Y
0;52000;OWN;1.0;PERSONAL;B;10000;11.14;0.19;N
0;130000;RENT;0.0;EDUCATION;B;4000;10.99;0.03;N
1;44000;RENT;0.0;PERSONAL;E;6000;16.45;0.14;N
0;87500;MORTGAGE;5.0;PERSONAL;C;25000;13.98;0.29;Y
0;43300;RENT;4.0;MEDICAL;A;8000;7.29;0.18;N
0;17676;OWN;1.0;VENTURE;D;2500;14.74;0.14;Y
0;28000;RENT;3.0;VENTURE;E;6400;14.75;0.23;N
0;100000;MORTGAGE;6.0;MEDICAL;B;6000;10.99;0.06;N
0;40000;MORTGAGE;12.0;HOMEIMPROVEMENT;A;15000;5.99;0.38;N
0;110000;MORTGAGE;7.0;DEBTCONSOLIDATION;B;8400;12.69;0.08;N
1;52800;RENT;3.0;DEBTCONSOLIDATION;D;4600;15.62;0.09;Y
0;57000;RENT;0.0;PERSONAL;C;15000;13.85;0.26;Y
0;43000;RENT;4.0;MEDICAL;B;10000;9.63;0.23;N
0;79200;RENT;6.0;MEDICAL;A;10000;7.66;0.13;N
0;131040;MORTGAGE;0.0;VENTURE;C;10000;13.35;0.08;Y
0;21600;OWN;3.0;VENTURE;A;8500;6.54;0.39;N
0;80400;MORTGAGE;5.0;PERSONAL;A;12000;5.79;0.15;N
0;62000;MORTGAGE;4.0;MEDICAL;B;10000;12.18;0.16;N
0;50000;RENT;1.0;HOMEIMPROVEMENT;B;5000;11.49;0.10;N
1;44900;RENT;12.0;MEDICAL;C;17500;14.35;0.39;Y
1;39000;RENT;1.0;EDUCATION;B;12000;10.99;0.31;N
1;54996;RENT;12.0;HOMEIMPROVEMENT;A;20000;6.62;0.36;N
0;40000;RENT;5.0;PERSONAL;B;10000;11.99;0.25;N
0;50000;RENT;10.0;VENTURE;A;1300;6.99;0.03;N
0;28800;RENT;2.0;DEBTCONSOLIDATION;B;3000;12.42;0.10;N
0;80000;MORTGAGE;8.0;EDUCATION;C;13000;13.47;0.16;N
0;105600;RENT;5.0;DEBTCONSOLIDATION;B;17700;10.99;0.17;N
0;40100;RENT;7.0;MEDICAL;B;12000;9.91;0.30;N
0;45000;RENT;7.0;VENTURE;D;4000;16.32;0.09;Y
0;41400;RENT;5.0;DEBTCONSOLIDATION;B;7300;9.45;0.18;N
1;49000;RENT;0.0;DEBTCONSOLIDATION;D;8000;15.31;0.16;Y
0;40000;MORTGAGE;4.0;PERSONAL;B;4000;12.21;0.10;N
0;50400;MORTGAGE;5.0;HOMEIMPROVEMENT;B;12000;9.62;0.24;N
0;125000;MORTGAGE;14.0;HOMEIMPROVEMENT;C;25000;13.80;0.20;N
0;60000;RENT;1.0;EDUCATION;C;11000;14.22;0.18;N
0;52728;RENT;4.0;PERSONAL;A;5000;7.74;0.09;N
0;33600;RENT;0.0;MEDICAL;B;4000;11.49;0.12;N
0;72000;RENT;0.0;DEBTCONSOLIDATION;A;16875;6.54;0.23;N
0;39996;RENT;2.0;DEBTCONSOLIDATION;A;6000;7.51;0.15;N
0;70000;MORTGAGE;3.0;VENTURE;A;15000;8.49;0.21;N
0;89000;MORTGAGE;17.0;DEBTCONSOLIDATION;B;10000;10.99;0.11;N
1;26000;MORTGAGE;1.0;DEBTCONSOLIDATION;B;15000;9.76;0.58;N
0;70000;MORTGAGE;1.0;VENTURE;B;25000;10.62;0.36;N
0;120000;MORTGAGE;2.0;VENTURE;B;17000;10.51;0.14;N
0;96000;MORTGAGE;5.0;MEDICAL;A;9000;7.49;0.09;N
0;110000;MORTGAGE;2.0;DEBTCONSOLIDATION;B;6000;9.51;0.05;N
0;54000;MORTGAGE;5.0;PERSONAL;A;8000;7.49;0.15;N
1;44000;RENT;5.0;EDUCATION;C;8000;13.49;0.18;Y
0;160000;OWN;12.0;PERSONAL;B;23000;11.83;0.14;N
0;90000;OWN;6.0;VENTURE;A;7000;7.14;0.08;N
1;66000;RENT;6.0;EDUCATION;C;25000;13.06;0.38;Y
0;28000;MORTGAGE;3.0;EDUCATION;A;5000;8.00;0.18;N
1;17400;RENT;0.0;EDUCATION;B;3000;11.83;0.17;N
0;36000;RENT;3.0;DEBTCONSOLIDATION;A;6000;8.90;0.17;N
0;42000;OWN;8.0;HOMEIMPROVEMENT;A;8000;6.62;0.19;N
0;50000;MORTGAGE;7.0;DEBTCONSOLIDATION;B;15000;9.99;0.30;N
0;65000;MORTGAGE;16.0;DEBTCONSOLIDATION;A;5500;7.51;0.08;N
0;23000;RENT;6.0;MEDICAL;C;6250;12.73;0.27;N
0;67320;MORTGAGE;7.0;EDUCATION;C;3900;14.35;0.06;Y
1;28080;RENT;5.0;VENTURE;E;15250;16.70;0.54;N
1;14400;OWN;0.0;MEDICAL;D;5000;14.96;0.35;N
0;53808;MORTGAGE;4.0;VENTURE;B;15000;11.71;0.28;N
0;325000;MORTGAGE;4.0;MEDICAL;A;10000;5.99;0.03;N
1;25000;RENT;3.0;PERSONAL;D;10000;14.11;0.40;Y
0;77237;MORTGAGE;8.0;MEDICAL;A;15000;6.17;0.19;N
0;31200;RENT;0.0;MEDICAL;B;2900;9.91;0.09;N
0;91000;MORTGAGE;9.0;DEBTCONSOLIDATION;B;18500;12.42;0.20;N
0;103000;MORTGAGE;14.0;DEBTCONSOLIDATION;A;12600;9.32;0.12;N
0;140000;MORTGAGE;7.0;PERSONAL;C;6000;13.49;0.04;Y
0;53000;RENT;9.0;HOMEIMPROVEMENT;A;6000;7.90;0.11;N
0;36000;OWN;0.0;PERSONAL;A;10000;7.74;0.28;N
0;45000;MORTGAGE;4.0;VENTURE;C;8650;14.27;0.19;N
0;53250;RENT;1.0;MEDICAL;B;7000;10.37;0.13;N
0;65000;RENT;13.0;HOMEIMPROVEMENT;A;15000;7.51;0.23;N
0;65000;MORTGAGE;10.0;EDUCATION;A;5000;7.51;0.08;N
0;69000;MORTGAGE;7.0;MEDICAL;C;8325;13.49;0.12;N
0;30000;RENT;5.0;EDUCATION;B;7500;11.83;0.25;N
0;57000;RENT;0.0;MEDICAL;B;12000;10.99;0.21;N
0;160000;MORTGAGE;1.0;PERSONAL;B;12000;9.63;0.07;N
0;31000;RENT;3.0;PERSONAL;D;6000;15.33;0.19;N
1;58000;MORTGAGE;7.0;MEDICAL;C;7200;11.97;0.12;N
1;36000;MORTGAGE;0.0;EDUCATION;A;6825;8.32;0.19;N
1;65074;RENT;0.0;EDUCATION;D;6000;14.42;0.09;Y
0;20000;RENT;2.0;DEBTCONSOLIDATION;B;5000;10.39;0.25;N
1;21000;RENT;2.0;DEBTCONSOLIDATION;C;10000;12.73;0.48;Y
0;36000;RENT;0.0;MEDICAL;B;10000;11.11;0.28;N
0;35000;RENT;2.0;DEBTCONSOLIDATION;A;2500;8.90;0.07;N
1;69000;RENT;0.0;PERSONAL;E;10000;17.14;0.14;N
0;63000;MORTGAGE;10.0;MEDICAL;A;10000;6.91;0.16;N
0;64000;RENT;0.0;MEDICAL;C;12000;13.49;0.19;Y
0;110000;MORTGAGE;1.0;DEBTCONSOLIDATION;B;10000;12.69;0.09;N
0;27000;MORTGAGE;2.0;DEBTCONSOLIDATION;B;5000;12.18;0.19;N
1;30000;MORTGAGE;3.0;HOMEIMPROVEMENT;C;10000;13.43;0.33;N
0;115000;MORTGAGE;3.0;DEBTCONSOLIDATION;C;4000;13.48;0.03;N
1;24000;RENT;14.0;EDUCATION;B;5000;11.11;0.21;N
0;100000;MORTGAGE;0.0;VENTURE;C;20000;13.48;0.20;Y
0;42000;RENT;6.0;MEDICAL;A;5600;7.49;0.13;N
0;58000;RENT;11.0;PERSONAL;B;10000;10.65;0.17;N
0;44196;RENT;0.0;MEDICAL;B;12400;11.26;0.28;N
0;99996;RENT;3.0;DEBTCONSOLIDATION;A;22000;7.88;0.22;N
1;14400;RENT;2.0;PERSONAL;C;7000;12.84;0.49;N
1;52576;RENT;3.0;HOMEIMPROVEMENT;A;8400;7.49;0.16;N
0;100000;RENT;6.0;DEBTCONSOLIDATION;A;11000;5.42;0.11;N
1;50000;RENT;3.0;PERSONAL;C;17000;13.79;0.34;N
1;18000;RENT;4.0;PERSONAL;C;3000;13.23;0.17;N
1;96050;RENT;3.0;MEDICAL;D;11000;16.77;0.10;N
0;35496;MORTGAGE;5.0;DEBTCONSOLIDATION;B;5500;11.49;0.15;N
0;57996;RENT;2.0;HOMEIMPROVEMENT;C;8400;12.98;0.14;N
1;30000;RENT;4.0;DEBTCONSOLIDATION;C;10000;11.66;0.33;N
1;35000;RENT;2.0;PERSONAL;B;15000;10.99;0.43;N
0;60000;OWN;10.0;EDUCATION;B;5500;10.99;0.09;N
1;221004;MORTGAGE;6.0;DEBTCONSOLIDATION;D;11900;14.42;0.05;Y
0;50000;MORTGAGE;5.0;VENTURE;A;12000;9.32;0.24;N
1;80000;RENT;0.0;MEDICAL;B;25000;11.86;0.31;N
0;55000;RENT;2.0;EDUCATION;A;3600;7.51;0.07;N
0;40000;MORTGAGE;3.0;MEDICAL;A;2200;8.49;0.06;N
0;92400;MORTGAGE;8.0;MEDICAL;A;14500;7.88;0.16;N
0;30000;OWN;8.0;MEDICAL;A;5000;7.51;0.17;N
1;50004;RENT;3.0;VENTURE;C;25000;12.23;0.50;N
0;91000;RENT;11.0;MEDICAL;B;25000;11.36;0.27;N
0;27024;RENT;4.0;EDUCATION;A;8000;8.49;0.30;N
0;47000;RENT;4.0;PERSONAL;A;2800;6.99;0.06;N
1;24996;RENT;2.0;EDUCATION;A;9250;8.59;0.37;N
0;65000;MORTGAGE;6.0;PERSONAL;C;11500;13.92;0.18;N
1;58000;MORTGAGE;5.0;PERSONAL;D;16000;15.33;0.28;N
0;48000;RENT;5.0;MEDICAL;D;9600;16.29;0.20;Y
0;76800;MORTGAGE;3.0;EDUCATION;B;5000;11.49;0.07;N
0;96000;MORTGAGE;1.0;HOMEIMPROVEMENT;B;10000;10.99;0.10;N
0;30000;RENT;4.0;MEDICAL;A;6000;7.51;0.20;N
0;60000;MORTGAGE;0.0;PERSONAL;B;15000;11.89;0.25;N
0;55000;RENT;7.0;MEDICAL;C;8500;14.22;0.15;N
0;35000;RENT;5.0;MEDICAL;D;10000;14.61;0.29;N
0;75000;RENT;5.0;VENTURE;B;5000;11.49;0.07;N
0;48000;MORTGAGE;4.0;VENTURE;A;5000;5.99;0.10;N
0;45000;RENT;9.0;EDUCATION;B;7000;10.99;0.16;N
0;25000;MORTGAGE;6.0;PERSONAL;A;1000;7.51;0.04;N
1;59000;MORTGAGE;5.0;EDUCATION;B;5000;9.99;0.08;N
0;40000;MORTGAGE;4.0;HOMEIMPROVEMENT;C;8000;14.72;0.20;N
0;126000;MORTGAGE;9.0;EDUCATION;A;15000;7.90;0.12;N
0;76000;RENT;2.0;VENTURE;C;1000;13.49;0.01;N
0;210000;MORTGAGE;8.0;DEBTCONSOLIDATION;B;24000;11.49;0.11;N
1;50000;RENT;4.0;VENTURE;A;18000;7.90;0.36;N
0;37000;RENT;5.0;EDUCATION;B;6000;11.83;0.16;N
0;75000;OWN;2.0;PERSONAL;B;8500;11.36;0.11;N
0;52000;RENT;0.0;HOMEIMPROVEMENT;C;12000;13.35;0.23;N
0;45000;RENT;6.0;MEDICAL;D;3600;16.29;0.08;N
0;96000;MORTGAGE;7.0;DEBTCONSOLIDATION;A;5000;7.51;0.05;N
0;65000;RENT;5.0;EDUCATION;C;15000;12.84;0.23;Y
1;36000;RENT;3.0;DEBTCONSOLIDATION;C;24250;12.61;0.67;Y
0;36000;RENT;0.0;MEDICAL;A;3000;7.29;0.08;N
0;80000;MORTGAGE;3.0;EDUCATION;A;6000;5.99;0.07;N
1;39000;RENT;1.0;VENTURE;D;6000;14.61;0.15;N
0;130000;MORTGAGE;0.0;HOMEIMPROVEMENT;A;6325;6.54;0.05;N
0;30144;MORTGAGE;3.0;DEBTCONSOLIDATION;C;18000;12.84;0.60;Y
0;88668;MORTGAGE;2.0;MEDICAL;A;3000;6.62;0.03;N
1;28000;RENT;2.0;EDUCATION;C;12000;14.27;0.43;Y
1;23800;RENT;2.0;PERSONAL;A;8800;9.32;0.37;N
0;30000;RENT;0.0;EDUCATION;A;6000;8.49;0.20;N
0;54000;MORTGAGE;18.0;HOMEIMPROVEMENT;A;4000;6.39;0.07;N
0;52000;MORTGAGE;1.0;EDUCATION;C;12000;13.85;0.23;N
0;43200;MORTGAGE;8.0;HOMEIMPROVEMENT;D;13750;14.84;0.32;Y
0;40000;RENT;11.0;VENTURE;B;8000;11.99;0.20;N
0;22000;RENT;0.0;VENTURE;A;2000;7.29;0.09;N
0;60000;MORTGAGE;13.0;DEBTCONSOLIDATION;B;6400;11.89;0.11;N
0;56000;RENT;2.0;MEDICAL;A;8000;7.51;0.14;N
0;65000;MORTGAGE;5.0;EDUCATION;B;21200;9.99;0.33;N
0;65000;MORTGAGE;2.0;EDUCATION;B;24000;10.99;0.37;N
0;55000;MORTGAGE;7.0;VENTURE;A;3000;5.99;0.05;N
0;200000;MORTGAGE;3.0;HOMEIMPROVEMENT;B;25000;10.75;0.13;N
1;64000;RENT;7.0;EDUCATION;D;10325;12.92;0.16;Y
0;70197;MORTGAGE;9.0;DEBTCONSOLIDATION;A;4100;7.51;0.06;N
0;200000;MORTGAGE;2.0;DEBTCONSOLIDATION;C;25000;13.99;0.13;N
0;42000;RENT;13.0;PERSONAL;C;9000;13.06;0.21;N
1;20000;RENT;0.0;VENTURE;E;3200;16.00;0.16;N
1;50000;RENT;2.0;DEBTCONSOLIDATION;B;18400;9.99;0.37;N
1;113000;MORTGAGE;4.0;DEBTCONSOLIDATION;D;5000;14.54;0.04;Y
1;27600;RENT;3.0;MEDICAL;D;5000;14.59;0.18;Y
0;244000;OTHER;0.0;VENTURE;D;15000;14.42;0.06;Y
0;60000;RENT;4.0;PERSONAL;B;10800;10.74;0.18;N
0;30000;MORTGAGE;0.0;VENTURE;A;9000;5.42;0.30;N
0;52000;RENT;0.0;PERSONAL;A;7125;7.49;0.14;N
0;200000;MORTGAGE;6.0;EDUCATION;A;10000;7.51;0.05;N
0;45000;RENT;3.0;MEDICAL;B;1500;10.25;0.03;N
0;33600;RENT;4.0;EDUCATION;C;5000;13.49;0.15;N
1;35000;RENT;3.0;DEBTCONSOLIDATION;D;4500;14.59;0.13;Y
1;35000;RENT;4.0;PERSONAL;D;14400;15.70;0.41;N
0;74000;OWN;1.0;MEDICAL;A;16000;8.49;0.22;N
0;57000;RENT;0.0;EDUCATION;C;10800;13.22;0.19;N
1;78996;RENT;0.0;HOMEIMPROVEMENT;D;15000;15.70;0.19;Y
0;120000;RENT;7.0;PERSONAL;B;13000;11.71;0.11;N
0;180000;MORTGAGE;6.0;DEBTCONSOLIDATION;A;8500;6.92;0.05;N
0;89610;RENT;3.0;DEBTCONSOLIDATION;A;5600;6.54;0.06;N
0;31400;RENT;1.0;MEDICAL;B;3500;11.71;0.11;N
0;26000;RENT;3.0;MEDICAL;B;7850;9.96;0.30;N
0;70000;MORTGAGE;6.0;DEBTCONSOLIDATION;B;4200;10.99;0.06;N
0;30000;RENT;6.0;VENTURE;C;5000;12.73;0.17;N
0;74263;MORTGAGE;3.0;MEDICAL;B;11500;9.99;0.15;N
1;19200;RENT;6.0;EDUCATION;E;4000;19.03;0.21;Y
0;45000;RENT;3.0;DEBTCONSOLIDATION;A;5000;9.32;0.11;N
1;69000;RENT;0.0;DEBTCONSOLIDATION;F;24000;15.83;0.35;N
0;53595;MORTGAGE;3.0;PERSONAL;A;6000;7.88;0.11;N
0;75000;RENT;0.0;PERSONAL;A;8000;5.99;0.11;N
0;70000;MORTGAGE;7.0;EDUCATION;A;20000;6.17;0.29;N
0;86000;MORTGAGE;4.0;MEDICAL;A;8400;6.62;0.10;N
0;63000;RENT;2.0;VENTURE;A;5000;7.74;0.08;N
0;72000;RENT;4.0;HOMEIMPROVEMENT;B;20000;9.25;0.28;N
1;18000;RENT;1.0;VENTURE;C;3250;13.22;0.18;N
0;45000;OTHER;8.0;MEDICAL;A;7500;8.32;0.17;N
0;80000;RENT;1.0;MEDICAL;A;12000;6.62;0.15;N
0;59534;RENT;5.0;PERSONAL;D;15000;15.21;0.25;Y
0;22608;RENT;1.0;EDUCATION;C;3500;14.22;0.15;N
0;23400;OWN;12.0;EDUCATION;D;5000;15.33;0.21;N
0;56900;MORTGAGE;9.0;PERSONAL;A;25000;7.51;0.44;N
0;110000;MORTGAGE;1.0;EDUCATION;E;12800;16.82;0.12;N
1;24996;RENT;0.0;MEDICAL;B;2500;10.99;0.10;N
1;54000;RENT;7.0;DEBTCONSOLIDATION;D;25000;14.83;0.46;Y
0;15000;RENT;4.0;DEBTCONSOLIDATION;C;2000;12.84;0.13;Y
0;110000;MORTGAGE;12.0;HOMEIMPROVEMENT;B;3500;11.49;0.03;N
0;20800;RENT;0.0;DEBTCONSOLIDATION;B;3000;11.46;0.14;N
0;20000;OWN;15.0;EDUCATION;A;5000;7.14;0.25;N
0;121680;MORTGAGE;3.0;HOMEIMPROVEMENT;B;15000;10.37;0.12;N
1;60174;MORTGAGE;11.0;MEDICAL;B;3025;10.99;0.04;N
0;75000;MORTGAGE;2.0;EDUCATION;A;10000;7.88;0.13;N
0;60000;RENT;2.0;PERSONAL;A;10000;7.49;0.17;N
0;50000;RENT;6.0;VENTURE;B;7200;11.99;0.14;N
0;25000;RENT;0.0;EDUCATION;A;4400;6.76;0.18;N
0;46000;MORTGAGE;6.0;PERSONAL;B;4000;10.37;0.09;N
1;33000;RENT;7.0;MEDICAL;D;5500;14.54;0.17;N
0;24000;RENT;3.0;MEDICAL;A;6000;6.62;0.25;N
0;76000;RENT;2.0;HOMEIMPROVEMENT;C;15000;12.73;0.20;Y
1;91800;MORTGAGE;0.0;MEDICAL;A;2225;7.43;0.02;N
0;90636;MORTGAGE;4.0;EDUCATION;C;17000;13.85;0.19;Y
0;34000;RENT;4.0;VENTURE;A;4000;7.74;0.12;N
1;37947;RENT;5.0;PERSONAL;A;14000;7.90;0.37;N
0;190000;RENT;3.0;EDUCATION;A;12600;6.92;0.07;N
1;83300;MORTGAGE;0.0;MEDICAL;D;28000;15.62;0.29;Y
0;84000;OWN;12.0;EDUCATION;A;9875;7.51;0.12;N
0;85000;MORTGAGE;1.0;HOMEIMPROVEMENT;C;15000;12.73;0.18;Y
1;39000;RENT;0.0;HOMEIMPROVEMENT;B;7200;9.45;0.18;N
0;75000;RENT;2.0;DEBTCONSOLIDATION;A;3700;6.03;0.05;N
1;12000;RENT;0.0;EDUCATION;A;2100;8.94;0.17;N
0;84996;OWN;4.0;DEBTCONSOLIDATION;D;8000;15.57;0.09;Y
1;50400;RENT;8.0;VENTURE;D;18500;16.02;0.37;N
0;33600;OWN;1.0;MEDICAL;D;5000;18.25;0.15;N
1;35500;RENT;2.0;HOMEIMPROVEMENT;D;9000;15.99;0.25;Y
0;60000;RENT;3.0;EDUCATION;C;12250;10.59;0.20;N
1;37800;RENT;1.0;DEBTCONSOLIDATION;B;13000;11.83;0.34;N
0;28685;RENT;3.0;DEBTCONSOLIDATION;C;7000;12.73;0.24;N
0;135000;MORTGAGE;12.0;EDUCATION;C;15000;13.85;0.11;Y
1;54000;RENT;5.0;DEBTCONSOLIDATION;A;5125;5.99;0.09;N
0;50000;RENT;1.0;HOMEIMPROVEMENT;C;15000;13.22;0.30;Y
0;100000;MORTGAGE;0.0;MEDICAL;C;24000;13.47;0.24;N
1;36000;RENT;1.0;VENTURE;B;12000;12.21;0.33;N
1;54000;MORTGAGE;12.0;MEDICAL;C;6000;15.23;0.11;N
0;95000;MORTGAGE;2.0;PERSONAL;A;5000;7.51;0.05;N
0;40440;RENT;0.0;EDUCATION;C;5500;12.73;0.14;N
0;50000;MORTGAGE;6.0;VENTURE;A;7800;6.62;0.16;N
0;21600;RENT;4.0;EDUCATION;A;2500;5.99;0.12;N
0;87000;RENT;6.0;MEDICAL;A;15000;5.99;0.17;N
0;55000;RENT;10.0;EDUCATION;E;9000;16.70;0.16;N
0;86004;MORTGAGE;12.0;VENTURE;B;3000;9.99;0.03;N
0;180000;MORTGAGE;9.0;HOMEIMPROVEMENT;B;6000;12.42;0.03;N
0;46394;MORTGAGE;7.0;MEDICAL;C;15000;13.47;0.32;N
0;60000;MORTGAGE;6.0;PERSONAL;B;2000;10.36;0.03;N
0;57720;RENT;8.0;DEBTCONSOLIDATION;C;12000;12.87;0.21;Y
0;109000;MORTGAGE;3.0;DEBTCONSOLIDATION;B;8800;12.69;0.08;N
0;50000;RENT;9.0;DEBTCONSOLIDATION;B;12000;10.37;0.24;N
0;100000;MORTGAGE;11.0;DEBTCONSOLIDATION;A;7600;6.03;0.08;N
0;20000;RENT;0.0;PERSONAL;B;1000;10.65;0.05;N
0;40000;MORTGAGE;6.0;MEDICAL;A;5000;6.03;0.13;N
0;42000;RENT;1.0;DEBTCONSOLIDATION;A;4000;7.88;0.10;N
0;130000;RENT;2.0;VENTURE;B;8000;10.99;0.06;N
1;80000;RENT;3.0;PERSONAL;D;33950;14.54;0.42;Y
0;34000;RENT;2.0;DEBTCONSOLIDATION;B;8000;9.91;0.24;N
0;34359;RENT;6.0;EDUCATION;A;7475;9.63;0.22;N
0;56000;MORTGAGE;13.0;EDUCATION;B;3000;8.88;0.05;N
0;62000;RENT;1.0;MEDICAL;C;7000;14.27;0.11;Y
0;50000;RENT;5.0;VENTURE;B;8500;10.65;0.17;N
0;93600;RENT;15.0;EDUCATION;D;20000;15.31;0.21;N
0;65000;RENT;6.0;MEDICAL;A;16000;8.49;0.25;N
0;36000;OWN;10.0;MEDICAL;B;11200;9.76;0.31;N
1;18996;RENT;5.0;DEBTCONSOLIDATION;D;3250;16.32;0.17;N
0;90000;RENT;6.0;PERSONAL;B;12000;12.42;0.13;N
1;40000;RENT;4.0;PERSONAL;B;20000;12.53;0.50;N
0;30000;RENT;8.0;PERSONAL;D;1600;16.29;0.05;N
0;94000;MORTGAGE;9.0;PERSONAL;A;10000;7.51;0.11;N
0;71820;RENT;10.0;DEBTCONSOLIDATION;B;18000;11.83;0.25;N
0;101000;MORTGAGE;5.0;EDUCATION;A;18000;8.49;0.18;N
0;47133;RENT;5.0;DEBTCONSOLIDATION;B;5100;11.86;0.11;N
0;84000;MORTGAGE;5.0;DEBTCONSOLIDATION;B;10000;12.53;0.12;N
0;110000;MORTGAGE;5.0;MEDICAL;B;16000;11.99;0.15;N
1;69000;RENT;0.0;PERSONAL;D;15000;14.42;0.22;N
0;115000;MORTGAGE;4.0;PERSONAL;A;20000;6.91;0.17;N
0;74100;RENT;3.0;VENTURE;C;4500;13.61;0.06;Y
0;50000;MORTGAGE;2.0;HOMEIMPROVEMENT;C;10750;13.48;0.21;N
1;44000;RENT;6.0;EDUCATION;B;17500;12.53;0.40;N
1;52000;RENT;1.0;EDUCATION;B;20000;11.36;0.38;N
0;160000;RENT;1.0;HOMEIMPROVEMENT;C;7500;11.28;0.05;N
0;75000;MORTGAGE;6.0;EDUCATION;A;6000;8.90;0.08;N
0;70000;RENT;0.0;PERSONAL;C;15000;13.61;0.21;Y
0;90000;RENT;2.0;PERSONAL;B;7000;8.88;0.08;N
0;81004;RENT;3.0;VENTURE;A;10000;6.91;0.12;N
1;26000;RENT;7.0;VENTURE;B;8000;11.36;0.31;N
1;51840;RENT;1.0;DEBTCONSOLIDATION;D;12000;15.95;0.23;Y
0;98004;RENT;8.0;HOMEIMPROVEMENT;A;10000;6.54;0.10;N
0;125000;OWN;9.0;PERSONAL;A;15000;7.90;0.12;N
1;86000;MORTGAGE;7.0;EDUCATION;C;18000;13.48;0.21;N
0;80004;RENT;5.0;EDUCATION;A;10000;7.51;0.12;N
1;33288;RENT;2.0;DEBTCONSOLIDATION;C;10800;12.09;0.32;N
0;40000;MORTGAGE;4.0;HOMEIMPROVEMENT;C;8000;14.72;0.20;N
0;70000;RENT;8.0;DEBTCONSOLIDATION;B;8000;11.71;0.11;N
0;52800;MORTGAGE;6.0;PERSONAL;C;6000;13.98;0.11;Y
0;134748;MORTGAGE;4.0;HOMEIMPROVEMENT;B;25000;10.75;0.19;N
1;33564;RENT;5.0;PERSONAL;D;6000;16.29;0.18;N
0;65000;RENT;12.0;DEBTCONSOLIDATION;C;5000;13.99;0.08;Y
1;28800;RENT;0.0;DEBTCONSOLIDATION;F;2500;21.36;0.09;N
1;42000;RENT;2.0;PERSONAL;D;14000;16.89;0.33;N
0;150000;MORTGAGE;3.0;EDUCATION;E;8000;17.19;0.05;Y
0;125600;MORTGAGE;0.0;PERSONAL;A;13800;7.88;0.11;N
0;98400;MORTGAGE;12.0;VENTURE;D;20000;14.84;0.20;Y
1;19500;MORTGAGE;0.0;EDUCATION;B;15000;9.64;0.77;N
0;115000;MORTGAGE;3.0;DEBTCONSOLIDATION;C;4000;13.48;0.03;N
0;62004;MORTGAGE;0.0;MEDICAL;B;12000;11.11;0.19;N
0;75996;OWN;3.0;VENTURE;B;8000;10.74;0.11;N
0;120000;MORTGAGE;12.0;HOMEIMPROVEMENT;A;6000;7.74;0.05;N
0;60000;MORTGAGE;4.0;EDUCATION;A;4000;7.90;0.07;N
0;61000;MORTGAGE;6.0;EDUCATION;A;2100;6.62;0.03;N
0;42000;MORTGAGE;18.0;HOMEIMPROVEMENT;A;2000;5.79;0.05;N
0;21000;RENT;2.0;EDUCATION;C;6250;13.85;0.30;N
0;60000;RENT;6.0;VENTURE;B;15000;11.12;0.25;N
0;70000;MORTGAGE;3.0;EDUCATION;C;3500;14.35;0.05;N
0;92000;RENT;10.0;PERSONAL;B;14200;10.99;0.15;N
0;52000;MORTGAGE;5.0;EDUCATION;C;7000;13.47;0.13;N
0;36000;RENT;13.0;EDUCATION;B;7500;11.36;0.21;N